SellerSku,ParentSku,ShopSku,Name,Brand,PrimaryCategory,Price,SpecialPrice,Status,Stock
120191243-GO,120191243-GO,112771564,Curren Reloj de Mujer,CURREN,Relojes de pulsera,26990.00,,inactive,0
20202807-BR,20202807-BR,112771574,Reloj Pulsera Hombre CURREN 8301,CURREN,Relojes de pulsera,32990.00,,inactive,0
20201043-BK,20201043-BK,110437493,Portabicicletas Universal 2 Bicicletas,GATON,Parillas de auto,75090.00,,inactive,0
10101073-MC,10101073-MC,112634437,Lápices Acuarela 180 Colores Brutfuner,GENERICO,Ceras|carboncillos|pasteles,43390.00,,active,0
2022020902-MC,2022020902-MC,112771552,Lápices De Óleo 120 Colores Brutfuner,GATON,Ceras|carboncillos|pasteles,31790.00,,inactive,0
120191243-SI,120191243-GO,112771563,Curren Reloj de Mujer,CURREN,Relojes de pulsera,24990.00,,active,0
120191244-GO,120191244-GO,112771559,Curren Reloj de Mujer,CURREN,Relojes de pulsera,29990.00,,active,0
120191244-SI,120191244-GO,112771558,Curren Reloj de Mujer,CURREN,Relojes de pulsera,24990.00,,active,0
20191282-OR,20191282-OR,112771543,Alfombra de orina impermeable para mascotas Naranja,GENERICO,Artículos para el aseo de mascotas,18390.00,,active,0
20191282-GY,20191282-GY,112771541,Alfombra de orina impermeable para mascotas Gris,GENERICO,Artículos para el aseo de mascotas,18390.00,,active,0
20191282-BR,20191282-BR,112771539,Alfombra de orina impermeable para mascotas Café,GENERICO,Artículos para el aseo de mascotas,18390.00,,active,0
20191274-WHA,20191274-WHA,112779093,Cama De Mascotas Carpa Tipi Animals,GENERICO,Casas|camas|alojamiento para mascotas,41990.00,,inactive,0
20200908-LBR,20200908-LBR,112789600,Humidificador Y Purificador De Aire Café Claro,GENERICO,Otros productos de aromaterapia,34990.00,,inactive,0
2022033002-BK,2022033002-BK,112795932,Parlante portátil Boombox HOPESTAR Negro,GENERICO,Parlantes|docks portátiles,35790.00,,active,0
20191272-GY,20191272-GY,112904738,Manta Sherpa Suave Gris Tailandesa,GATON,Mantas no eléctricas|frazadas,29490.00,,inactive,0
2022061506-BK,2022061506-BK,113037529,Mochila Viajero Compacta 40L Bange,BANGE,Maletas|bolsos de viaje,44990.00,39892.00,active,60
2022061507-BK,2022061507-BK,113037579,Mochila Business Traveler Bange BG-1921,BANGE,Maletas|bolsos de viaje,39990.00,29993.00,active,12
2022061505-BK,2022061505-BK,113038870,Bandolera Impermeable Bange BG-7221,BANGE,Bananos|canguros|riñoneras,32990.00,,inactive,0
2022061505-GY,2022061505-BK,113038869,Bandolera Impermeable Bange BG-7221,BANGE,Bananos|canguros|riñoneras,32990.00,,inactive,0
20220208-BK,20220208-BK,113039250,Lonchera Cartera Fashion Deluxe Negra,GATON,Cajas|bolsas|loncheras portátiles para alimentos no eléctricos,17990.00,,inactive,0
2022020907-BK,2022020907-BK,113039254,Lonchera Cartera Full Fashion Negra,GATON,Cajas|bolsas|loncheras portátiles para alimentos no eléctricos,18390.00,,inactive,0
2022020907-BL,2022020907-BL,113040072,Lonchera Cartera Full Fashion Azul,GATON,Cajas|bolsas|loncheras portátiles para alimentos no eléctricos,18390.00,,active,0
2022020907-GY,2022020907-GY,113040121,Lonchera Cartera Full Fashion Gris,GATON,Cajas|bolsas|loncheras portátiles para alimentos no eléctricos,18390.00,,inactive,0
2022020907-PI,2022020907-PI,113040229,Lonchera Cartera Full Fashion Rosada,GATON,Cajas|bolsas|loncheras portátiles para alimentos no eléctricos,18390.00,,inactive,0
2022020905-FBL,2022020905-FBL,113040275,Lonchera Tela Oxford Tipo Cartera Flamenco Azul,GATON,Cajas|bolsas|loncheras portátiles para alimentos no eléctricos,6690.00,,inactive,0
2022020905-FSB,2022020905-FSB,113040321,Lonchera Tela Oxford Tipo Cartera Flamenco Celeste,GATON,Cajas|bolsas|loncheras portátiles para alimentos no eléctricos,4990.00,,inactive,0
2022020905-BL,2022020905-BL,113040367,Lonchera Tela Oxford Tipo Cartera Azul,GATON,Cajas|bolsas|loncheras portátiles para alimentos no eléctricos,4990.00,,inactive,0
2022020905-SWH,2022020905-SWH,113040381,Lonchera Tela Oxford Tipo Cartera STRIPES WHITE,GATON,Cajas|bolsas|loncheras portátiles para alimentos no eléctricos,4990.00,,active,0
20201049-WH,20201049-WH,113040855,Limpiavidrios Magnéticos Termopanel 15-24MM,GATON,Accesorios para limpieza,24990.00,,active,0
2022061501-WH,2022061501-WH,113040999,Set de Repuesto de Limpiavidrios Magnético,GATON,Accesorios para limpieza,5990.00,,active,0
2022061508-MC,2022061508-MC,113151326,Set Bloques Magnéticos Circuito De Canícas 40 Piezas,GENERICO,Bloques de construcción de juguete no eléctricos,25990.00,,active,0
2022061509-MC,2022061509-MC,113151404,Set Bloques Magnéticos Circuito de Canícas con Luz 75 Piezas,GATON,Bloques de construcción de juguete no eléctricos,34990.00,29742.00,active,418
2022020909-BL,2022020909-BL,113155252,Libreta de Dibujo Electrónica Azul,GATON,Blocks|pizarras|tableros de dibujo,7940.00,,inactive,0
2022020909-PI,2022020909-PI,113155336,Libreta de Dibujo Electrónica Rosada,GATON,Blocks|pizarras|tableros de dibujo,7940.00,,inactive,0
2020191300-GL,2020191300-GL,113161986,Cafetera Prensa Francesa 350ML,GATON,Cafeteras no eléctricas,16090.00,,active,0
2020191301-SI,2020191301-SI,113164659,Molino de Café Manual Acero Inoxidable,GATON,Otros aparatos para preparar alimentos|bebidas,12990.00,,active,0
2022033027-CR,2022033027-CR,113175569,Billetera Cartera Hojas Para Mujer,GATON,Billeteras|monederos|documenteros,12990.00,,active,0
2022033027-BK,2022033027-CR,113175568,Billetera Cartera Hojas Para Mujer,GATON,Billeteras|monederos|documenteros,12990.00,,active,0
2022033027-BR,2022033027-CR,113175567,Billetera Cartera Hojas Para Mujer,GATON,Billeteras|monederos|documenteros,12990.00,,active,1
2022033027-SB,2022033027-CR,113175566,Billetera Cartera Hojas Para Mujer,GATON,Billeteras|monederos|documenteros,12990.00,,active,0
2022033027-PI,2022033027-CR,113175565,Billetera Cartera Hojas Para Mujer,GATON,Billeteras|monederos|documenteros,12990.00,,inactive,0
2022061510-DBR,2022061510-DBR,113175726,Billetera Para Hombre Menbense Classic,GATON,Billeteras|monederos|documenteros,12990.00,,inactive,0
2022061511-BK,2022061511-BK,113175744,Billetera Para Hombre Jinbaolai,GATON,Billeteras|monederos|documenteros,19990.00,,inactive,0
20191272-BR,20191272-BR,113198405,Manta Sherpa Suave Beige Tailandesa,GATON,Mantas no eléctricas|frazadas,29490.00,,active,0
2022061511-BR,2022061511-BK,113452333,Billetera Para Hombre Jinbaolai,GATON,Billeteras|monederos|documenteros,19990.00,,inactive,0
20201031-VE,20201031-VE,113736984,Manta impermeable para Picnic o Playa 2 Mts. Verde,GENERICO,Sacos|alfombrillas para dormir de camping,15440.00,,active,-1
20201031-BL,20201031-BL,113737014,Manta impermeable para Picnic o Playa 2 Mts. Azul,GENERICO,Sacos|alfombrillas para dormir de camping,15440.00,,inactive,0
2020191303-WH,2020191303-WH,113793318,MI Cable Usb Tipo-C a Tipo-C 150 Cm,HAYLOU,Cargadores de teléfono móvil,14990.00,7495.00,active,11
2020191322-SI,2020191322-SI,113793586,Moledor Eléctrico De Sal Y Pimienta,GATON,Utensilios de cocina,47990.00,,inactive,0
120191228-BL,120191228-BL,113805445,Reloj Pulsera Hombre Curren 8291 Cronógrafos funcionales,CURREN,Relojes de pulsera,51590.00,,active,0
2020191324-BK,2020191324-BK,113805517,Sacacorcho Bomba a Presión de Aire,GATON,Otros accesorios para bares y vinos,22990.00,,active,0
20200504-BL,20200504-BL,113805653,Cámara de Seguridad WIFI-IP,GATON,Cámaras de vigilancia|grabadores de vídeo,59990.00,,active,1
20200119-BK,20200119-BL_DELETED_2024-01-19_18-36-55,115219187,Mochila Escolar de 6 Ruedas CapiBag,CAPIBAG,"Mochilas, bolsos, maletas y loncheras escolares",50990.00,,active,0
20220208-BL,20220208-BL,115222806,Lonchera Cartera Fashion Deluxe Azul,GATON,Cajas|bolsas|loncheras portátiles para alimentos no eléctricos,17990.00,,inactive,0
20201032-BL,20201032-BL,115223015,Cooler 5 Litros Azul,GENERICO,Bolsas de frío|neveras para camping no eléctricas,23990.00,,inactive,0
20201032-OR,20201032-OR,115223056,Cooler 5 Litros Naranjo,GENERICO,Bolsas de frío|neveras para camping no eléctricas,23990.00,,inactive,0
2022260902-GR,2022260902-GR,115261015,Mini Humidificador De Autos Verde,GENERICO,Humidificadores de aire portátil,12190.00,8533.00,active,10
2022260902-PI,2022260902-PI,115261023,Mini Humidificador De Autos Rosado,GENERICO,Humidificadores de aire portátil,12190.00,8533.00,active,8
2022260902-PU,2022260902-PU,115261028,Mini Humidificador De Autos Morado,GENERICO,Humidificadores de aire portátil,12190.00,8533.00,active,14
2022260902-SB,2022260902-SB,115261032,Mini Humidificador De Autos Celeste,GENERICO,Humidificadores de aire portátil,12190.00,8533.00,active,4
2022260901-MC,2022260901-MC,115261107,Lápices de Colores escolares set 50,GATON,Lápices,23990.00,,active,0
2022033012-WH,2022033012-WH,115261133,Set Japonés de Porcelana para el Té,GENERICO,Tazas|tazones|mugs|mates,47990.00,,inactive,0
2022260904-MC,2022260904-MC,115268861,Bloque Construcción Magnético Pista Bola de Luz 150 Piezas,GENERICO,Bloques de construcción de juguete no eléctricos,61090.00,36654.00,active,4
10101054-BK,10101054-BK,115273248,Lonchera De Tela Oxford Negra,GENERICO,Cajas|bolsas|loncheras portátiles para alimentos no eléctricos,15590.00,,inactive,0
10101054-BL,10101054-BL,115273369,Lonchera De Tela Oxford Azul,GENERICO,Cajas|bolsas|loncheras portátiles para alimentos no eléctricos,15590.00,,inactive,0
10101054-PI,10101054-PI,115273419,Lonchera De Tela Oxford Rosada,GENERICO,Cajas|bolsas|loncheras portátiles para alimentos no eléctricos,15590.00,,inactive,0
10101054-RE,10101054-RE,115273465,Lonchera De Tela Oxford Roja,GENERICO,Cajas|bolsas|loncheras portátiles para alimentos no eléctricos,15790.00,,inactive,0
10101054-LB,10101054-LB,115273519,Lonchera De Tela Oxford Turquesa,GENERICO,Cajas|bolsas|loncheras portátiles para alimentos no eléctricos,15590.00,,inactive,0
2023021901-PI,2023021901-PI,118151369,Mochila Escolar de 6 Ruedas CapiBag,CAPIBAG,"Mochilas, bolsos, maletas y loncheras escolares",50990.00,35990.00,active,72
2023021901-PU,2023021901-PI,118151368,Mochila Escolar de 6 Ruedas CapiBag,CAPIBAG,"Mochilas, bolsos, maletas y loncheras escolares",50990.00,35990.00,active,17
2022061510-LBR,2022061510-DBR,120868656,Billetera Para Hombre Menbense Classic,GATON,Billeteras|monederos|documenteros,12990.00,,inactive,0
2022061510-BLA,2022061510-DBR,120868657,Billetera Para Hombre Menbense Classic,GATON,Billeteras|monederos|documenteros,12990.00,,inactive,0
2022061510-BLU,2022061510-DBR,120868658,Billetera Para Hombre Menbense Classic,GATON,Billeteras|monederos|documenteros,12990.00,,inactive,0
2022053101-BKS,2022053101-BKS,121301550,Cobertor de Zapatos Impermeable,GENERICO,Productos para el cuidado|la limpieza del calzado,4590.00,,active,0
2022053101-PIM,2022053101-BKS,121301546,Cobertor de Zapatos Impermeable,GENERICO,Productos para el cuidado|la limpieza del calzado,4590.00,,active,0
2022053101-PIS,2022053101-BKS,121301545,Cobertor de Zapatos Impermeable,GENERICO,Productos para el cuidado|la limpieza del calzado,4590.00,,active,15
2022053105-BK,2022053105-BK,121301701,Difusor de Aceite Ultrasónico,GENERICO,Difusores de aceites eléctricos,18990.00,,inactive,0
2022020905-BKW,2022020905-BKW,121376938,Lonchera Tela Oxford Tipo Cartera,GATON,Cajas|bolsas|loncheras portátiles para alimentos no eléctricos,6690.00,,active,0
2022020905-LE,2022020905-LE,121377008,Lonchera Tela Oxford Tipo Cartera,GATON,Cajas|bolsas|loncheras portátiles para alimentos no eléctricos,6690.00,,active,0
2022053102-BK,2022053102-BK,121377603,Fisher-Price Infant Juguete para Bebés Maracas de Animalitos,GENERICO,Cunas|moisés|canastos portátiles,46990.00,,inactive,0
2022053102-GY,2022053102-BK,121377602,Fisher-Price Infant Juguete para Bebés Maracas de Animalitos,GENERICO,Cunas|moisés|canastos portátiles,35790.00,,active,0
2022053102-NB,2022053102-BK,121377601,Fisher-Price Infant Juguete para Bebés Maracas de Animalitos,GENERICO,Cunas|moisés|canastos portátiles,35790.00,19686.00,active,4
2022053102-TQ,2022053102-BK,121377599,Fisher-Price Infant Juguete para Bebés Maracas de Animalitos,GENERICO,Cunas|moisés|canastos portátiles,46990.00,,active,0
2022053104-BU,2022053104-BU,121378525,Paraguas con Diseños Para Niños,GENERICO,Paraguas personal,8990.00,,inactive,0
2022053104-DU,2022053104-BU,121378524,Paraguas con Diseños Para Niños,GENERICO,Paraguas personal,8990.00,,inactive,0
2022053104-FR,2022053104-BU,121378523,Paraguas con Diseños Para Niños,GENERICO,Paraguas personal,8990.00,,inactive,0
2022053104-MO,2022053104-BU,121378522,Paraguas con Diseños Para Niños,GENERICO,Paraguas personal,8990.00,,inactive,0
20201016-WH,20201016-WH,121378787,Tendedero de Ropa Plegable con Ruedas,GATON,Otros productos de lavandería,23990.00,,inactive,0
10101058-BL,10101058-BL,121378935,Termo con Visor de Temperatura,GENERICO,Aisladores de botellas|latas,15440.00,,active,0
10101058-PI,10101058-PI,121378951,Termo con Visor de Temperatura,GENERICO,Accesorios para equipos de bebida y comida para acampar,15440.00,,active,0
2022053106-SOR,2022053106-SOR,121379109,Botella Premium de Aluminio de gran capacidad 110lts,GENERICO,Recipientes para almacenar alimentos|bebidas,18990.00,,active,0
CN-1995-PU,CN-1995-PU,123328167,Sabanas 144 Hilos Broderie King 50% Algodón,GATON,Sábanas,42990.00,,active,0
CN-1995-ESM,CN-1995-ESM,123329146,Sabanas 144 Hilos Broderie King 50% Algodón,GATON,Sábanas,42990.00,,inactive,0
CN-1995-PIN,CN-1995-PIN,123329563,Sabanas 144 Hilos Broderie King 50% Algodón,GATON,Sábanas,42990.00,,active,0
2022050901-PI,2022050901-PI,123509733,Manta Sherpa Felpa Rose Tailandesa,GATON,Mantas no eléctricas|frazadas,27390.00,,active,0
SETPABR3,SETPABR3,124290677,Kit Asado Parrillero Doral Fiestas patrias,GENERICO,Accesorios de cocina para picar,11090.00,,active,0
SETPABR5,SETPABR5,124326907,Kit Asado Parrillero 5 Doral Fiestas patrias,DORAL,Accesorios de cocina para picar,17790.00,,active,0
20191283-BK,20191283-BK,124343150,Perchero  Delantal Parrillero Jeans Black,GATON,Otros utensilios para la preparación de los alimentos,16990.00,,inactive,0
821141,821141,124428970,Juego Sábanas Diseño 144 Hilos 2 Plazas Acra,MASHINI,Sábanas,26990.00,,inactive,0
821144,821144,124429202,Juego Sábanas Diseño 144 Hilos 2 Plazas Caju,MASHINI,Sábanas,26990.00,,inactive,0
821147,821147,124429265,Juego Sábanas Diseño 144 Hilos 2 Plazas Cherries,MASHINI,Sábanas,26990.00,,inactive,0
821150,821150,124430050,Juego Sábanas Diseño 144 Hilos 2 Plazas Duna,MASHINI,Sábanas,26990.00,,inactive,0
821156,821156,124432285,Juego Sábanas Diseño 144 Hilos 2 Plazas Safari,MASHINI,Sábanas,26990.00,,inactive,0
821153,821153,124432365,Juego Sábanas Diseño 144 Hilos 2 Plazas Palma,MASHINI,Sábanas,26990.00,,inactive,0
822259,822259,124432504,Sábana Colores 144 Hilos 2 Plazas Azul,MASHINI,Sábanas,26990.00,,inactive,0
822267,822267,124432920,Sábana Colores 144 Hilos 2 Plazas Gris,MASHINI,Sábanas,26990.00,,inactive,0
822255,822255,124433022,Sábana Colores 144 Hilos 2 Plazas Amarilla,MASHINI,Sábanas,26990.00,,inactive,0
TH-25DM,TH-25DM,125193523,Horno Microondas TH-25DM,THOMAS,Hornos microondas,145000.00,,active,0
TH-48N,TH-48N,125205736,Horno Eléctrico TH-48N,THOMAS,Hornos,110990.00,,active,1
TH-4340,TH-4340,125208526,Hervidor Thomas TH-4340,THOMAS,Teteras|hervidores eléctricos,26990.00,,active,0
TH-300PB,TH-300PB,125216772,Licuadora Thomas TH-300PB,THOMAS,Licuadoras|trituradoras|picadoras eléctricas,44990.00,,active,0
TH-9010V,TH-9010V,125223160,Picadora Thomas TH-9010V,THOMAS,Licuadoras|trituradoras|picadoras eléctricas,50990.00,,active,1
TH-126,TH-126,125225568,Tostador Thomas TH-126,THOMAS,Tostadoras,36690.00,,active,0
SG-3049C02,SG-3049C02,125228520,Secador Specialist Air SG-3049C02.,SIEGEN,Cabello|productos para dar forma al pelo eléctricos,42990.00,,active,0
SG-3049C01,SG-3049C01,125229244,Secador Specialist Air SG-3049C01,SIEGEN,Cabello|productos para dar forma al pelo eléctricos,36990.00,,active,0
SG-8011,SG-8011,125400559,Corta Pelo T-Shaper TRIMMER 2 en 1,SIEGEN,Cabello|productos para dar forma al pelo eléctricos,15940.00,,active,0
TH-965,TH-965,125404335,Sandwichera Wafflera Thomas,THOMAS,Aparatos para hacer sándwiches|waffles,39990.00,,active,0
SG-1650,SG-1650,125404544,Masajeador Para Pies Siegen Vibro Masaje,SIEGEN,Productos para masajes|calentamiento personal eléctricos,62990.00,,active,0
TH-700VR,TH-700VR,125404799,LICUADORA TH-700VR THOMAS,THOMAS,Licuadoras|trituradoras|picadoras eléctricas,62990.00,,active,0
TH-141DI,TH-141DI,125412426,Cafetera Thomas TH-141Di,THOMAS,Cafeteras no eléctricas,49990.00,,active,0
TH-129E,TH-129E,125426802,Cafetera Thomas TH-129E,THOMAS,Cafeteras no eléctricas,68990.00,,inactive,0
BATAIN6P,BATAIN6P,126071078,Juego de ollas Inoxidable 6 Piezas Mix,DORAL,Ollas|sartenes|woks,52990.00,,inactive,0
BATALTI7P,BATALTI7P,126073581,Batería Titanio Juego 7 piezas Rojo,DORAL,Ollas|sartenes|woks,52990.00,,inactive,0
DR-408-CA,DR-408-CA,126073637,Batería Titanio Juego 7 piezas Calipso,DORAL,Ollas|sartenes|woks,52990.00,,inactive,0
SARALTD22,SARALTD22,126073984,Sarten Con Espatula AluminioTitanio,DORAL,Ollas|sartenes|woks,9990.00,,inactive,0
SARTIPACK,SARTIPACK,126074900,3 Sartén Titanio Metalizado,DORAL,Ollas|sartenes|woks,21490.00,,active,0
SCOFCOOK,SCOFCOOK,126075277,Set de Sartenes Family Cook Noruega,DORAL,Ollas|sartenes|woks,21490.00,,active,0
OLLALPR9P,OLLALPR9P,126097828,Olla a Presión Aluminio 9 Lts,DORAL,Ollas|sartenes|woks,50940.00,,active,2
MAPASAI18,MAPASAI18,126098490,Máquina para hacer pasta 6 Niveles Grosor,DORAL,Picadoras|tajadera|pasapurés|utensilios para hacer pasta no eléctricos,34990.00,,active,0
OLLALPR7L,OLLALPR7L,126098532,Olla a Presión Aluminio 7 Lts,DORAL,Ollas|sartenes|woks,48690.00,,active,0
2023111009-BG,2023111009-BG,126219490,Carpa 4-5 Personas Armado Automático Alta Resistencia,GENERICO,Tiendas camping,129990.00,,inactive,0
10101054-LEO,10101054-LEO,126516124,Lonchera De Tela Oxford Leopardo,GENERICO,Cajas|bolsas|loncheras portátiles para alimentos no eléctricos,15490.00,,inactive,0
2023021901-PI-1,2023021901-PI-1,128090563,Mochila Escolar 6 Ruedas 30L Capibag,CAPIBAG,"Mochilas, bolsos, maletas y loncheras escolares",50990.00,,active,72
2023021901-PU-1,2023021901-PI-1,128090562,Mochila Escolar 6 Ruedas 30L Capibag,CAPIBAG,"Mochilas, bolsos, maletas y loncheras escolares",50990.00,,active,17
20200119-BK-1,2023021901-PI-1,128090561,Mochila Escolar 6 Ruedas 30L Capibag,CAPIBAG,"Mochilas, bolsos, maletas y loncheras escolares",50990.00,,active,0
BG-7566-BK,BG-7566-BK,129333685,Bolso de Hombro Impermeable 8L Bange BG-7566,BANGE,Carteras de mano o colgantes|mochilas|bolsos,44790.00,,inactive,0
BG-7566-GY,BG-7566-BK,129333684,Bolso de Hombro Impermeable 8L Bange BG-7566,BANGE,Carteras de mano o colgantes|mochilas|bolsos,44790.00,,active,0
BG-2378-BK,BG-2378-BK,129333690,Bolso Deportivo de Viaje Impermeable 30L Bange BG-2378,BANGE,Carteras de mano o colgantes|mochilas|bolsos,59990.00,,inactive,0
BG-2378-GY,BG-2378-BK,129333689,Bolso Deportivo de Viaje Impermeable 30L Bange BG-2378,BANGE,Carteras de mano o colgantes|mochilas|bolsos,59990.00,,inactive,0
BG-1800-BK,BG-1800-BK,129333695,Mochila Viajero Impermeable 28L Bange BG-1800,BANGE,Maletas|bolsos de viaje,59990.00,49993.00,active,9
BG-1800-PI,BG-1800-BK,129333694,Mochila Viajero Impermeable 28L Bange BG-1800,BANGE,Maletas|bolsos de viaje,59990.00,49993.00,active,12
BG-1800-LB,BG-1800-BK,129333693,Mochila Viajero Impermeable 28L Bange BG-1800,BANGE,Maletas|bolsos de viaje,59990.00,49993.00,active,5
BG-1800-CR,BG-1800-BK,129333692,Mochila Viajero Impermeable 28L Bange BG-1800,BANGE,Maletas|bolsos de viaje,59990.00,,inactive,0
BG-7690,BG-7690,129333697,Mochila Ejecutiva de Viaje Modelo Impermeable Bange 30L BG-7690,BANGE,Carteras de mano o colgantes|mochilas|bolsos,76590.00,,inactive,0
00001288,00001288,129450438,Almohada Látex Lavable Eucaliptus Fibrasca,FIBRASCA,Almohadas,19990.00,16992.00,active,2
980040107090,980040107090,129551001,Almohada Viscoelástica Frostygel Fibrasca,FIBRASCA,Almohadas,29490.00,19169.00,active,6
KH-1292,KH-1292,129551025,Almohada Benefit 3 50x70 Fibrasca,FIBRASCA,Almohadas,24990.00,,active,0
29022024,29022024,129551052,Almohada Cervical Orteopédica 59x39 Fibrasca,FIBRASCA,Almohadas,21090.00,,active,0
70921707173673,70921707173673,129551073,Almohada Nasa Control Fibrasca,FIBRASCA,Almohadas,24690.00,,active,0
822268,822268,130652308,Abridor Destapador De Botellas Potes Frascos 4 En 1 -,MASHINI,Sábanas,29990.00,,active,0
822260,822268,130652306,Abridor Destapador De Botellas Potes Frascos 4 En 1 -,MASHINI,Sábanas,29990.00,,active,0
FB-1293,FB-1293,131980484,Almohada Viscoelástica Luna 40x70 Fibrasca,FIBRASCA,Almohadas,22590.00,,active,0
DR-78,DR-78,132349643,Forro de Cortina de Ducha Doral,DORAL,Cortinas,3390.00,,active,0
KH-50020101001,KH-50020101001,132349949,Juego de Sábanas 144 Hilos 1 Plaza Blanco,KEYHOME,Sábanas,20990.00,,active,0
819828,819828,132414764,Plumón Microfibra Infantil 1.5 Plazas Minnie Sweet,MASHINI,Colchas|quilts|plumones,39090.00,,active,0
820547,820547,132414883,Plumón Microfibra Infantil 1.5 Plazas Minnie Cute,MASHINI,Colchas|quilts|plumones,39090.00,,active,0
818988,818988,132437379,Juego de Sábanas Infantiles Microfibra 1.5 Plazas Mickey,MASHINI,Sábanas,26790.00,,active,0
818987,818987,132438018,Plumón Microfibra Infantil 1.5 Plazas Mickey Mouse,MASHINI,Colchas|quilts|plumones,39090.00,,active,0
820540,820540,132438010,Juego de Sábanas Infantiles Microfibra 1.5 Plazas Dragon Ball Z,MASHINI,Sábanas,26790.00,,inactive,0
820539,820539,132438042,Plumón Microfibra Infantil 1.5 Plazas Dragon Ball Z,MASHINI,Colchas|quilts|plumones,39090.00,,inactive,0
818981,818981,132438062,Plumón Microfibra Infantil 1.5 Plazas Dragon Ball Z,MASHINI,Colchas|quilts|plumones,39990.00,,inactive,0
819673,819673,132438078,Juego de Sábanas Infantiles Microfibra 1.5 Plazas Avengers,MASHINI,Sábanas,26790.00,,active,0
819672,819672,132489086,Plumón Microfibra Infantil 1.5 Plazas Avengers,MASHINI,Colchas|quilts|plumones,39090.00,,active,0
817296,817296,132484353,Plumón Microfibra Infantil 1.5 Plazas Spider Man,MASHINI,Colchas|quilts|plumones,39090.00,,inactive,0
KH-0011-RE,KH-0011-RE,132484355,Pack 2 Almohadas Microfibra 50x70 Cms,KEYHOME,Almohadas,17490.00,16616.00,active,0
KH-0011-GR,KH-0011-GR,132484357,Pack 2 Almohadas Microfibra 50x70 Cms,KEYHOME,Almohadas,17490.00,16616.00,active,1
KH-0011-GY,KH-0011-GY,132498826,Pack 2 Almohadas Microfibra 50x70 Cms,KEYHOME,Almohadas,17490.00,,active,1
KH-0011-WH,KH-0011-WH,132498822,Pack 2 Almohadas Microfibra 50x70 Cms,KEYHOME,Almohadas,17490.00,16616.00,active,2
KH-0011-BK,KH-0011-BK,132498810,Pack 2 Almohadas Microfibra 50x70 Cms,KEYHOME,Almohadas,17490.00,16616.00,active,2
KH-0011-BL,KH-0011-BL,132498799,Pack 2 Almohadas Microfibra 50x70 Cms,KEYHOME,Almohadas,17490.00,16616.00,active,2
KH-011MD,KH-011MD,132498793,Pack 2 Almohadas Microfibra 50x70 Cms,KEYHOME,Almohadas,13990.00,,active,6
KH-0011-TUR,KH-0011-TUR,132498787,Pack 2 Almohadas Microfibra 50x70 Cms,KEYHOME,Almohadas,17490.00,16616.00,active,0
817220,817220,132495959,Juego de Sábanas Bordada 144 Hilos 2.0 Plazas,MASHINI,Sábanas,29990.00,,inactive,0
817216,817216,132498771,Juego de Sábanas Bordada 144 Hilos 2.0 Plazas,MASHINI,Sábanas,29990.00,,inactive,0
20070603011,20070603011,132498846,Cubrecolchón Básico 2.0 Plazas,KEYHOME,Protectores de colchón|almohada|plumón,15990.00,13993.00,active,1
823372,823372,132520843,Juego de Sábanas Estampadas 144 Hilos 1.5 Plazas,MASHINI,Sábanas,24390.00,,active,0
SOBCOSH15,SOBCOSH15,132521030,Protector Topper Sherpa Térmico 1.5 Plazas,DORAL,Protectores de colchón|almohada|plumón,24990.00,,inactive,0
SOBCOSH20,SOBCOSH20,132521344,Topper Sherpa Térmico 2.0 Plazas,DORAL,Otros tipos de ropa para cama,27990.00,,active,0
PANALTI26,PANALTI26,138867686,Panquequera Montecarlo 26 Cms,DORAL,Ollas|sartenes|woks,12190.00,,active,0
TETAI30IR,TETAI30IR,132561901,Tetéra de Acero Inóxidable 3.0 Lts Doral,DORAL,Teteras no eléctricas,19990.00,,inactive,0
TETAI40IR,TETAI40IR,132562356,Tetéra de Acero Inóxidable 4.0 Lts Doral,DORAL,Teteras no eléctricas,23990.00,,active,-1
KH-50020101004,KH-50020101004,132562759,Juego de Sábanas 144 Hilos 1 Plaza,KEYHOME,Sábanas,22990.00,,inactive,0
KH-50020102004,KH-50020102004,132557848,Juego de Sábanas 144 Hilos 1.5 Plazas,KEYHOME,Sábanas,24990.00,,inactive,0
KH-50020103004,KH-50020103004,132593497,Juego de Sábanas 144 Hilos 2 Plazas,KEYHOME,Sábanas,29990.00,,active,0
20070602011,20070602011,132560866,Cubrecolchón Básico 1.5 Plazas,KEYHOME,Protectores de colchón|almohada|plumón,14990.00,13243.00,active,1
822919,822919,132561717,Plumón Coral Sherpa 1.5 Plazas,MASHINI,Colchas|quilts|plumones,34990.00,,inactive,0
817215,817215,132763394,Juego de Sábanas Bordada Line 144 Hilos 15 Plazas,MASHINI,Sábanas,24990.00,,inactive,0
817211,817211,132763400,Juego de Sábanas Bordada Line 144 Hilos 15 Plazas,MASHINI,Sábanas,24990.00,,inactive,0
822266,822266,132682145,Juego de Sábanas Colores 144 Hilos 1.5 Plazas,MASHINI,Sábanas,22990.00,,active,0
822258,822258,132682161,Juego de Sábanas Colores 144 Hilos 1.5 Plazas,MASHINI,Sábanas,22990.00,,active,0
823371,823371,132682203,Juego de Sábanas Estampadas 144 Hilos King,MASHINI,Sábanas,30990.00,,inactive,0
823370,823370,132682326,Juego de Sábanas Estampadas 144 Hilos 2.0 Plazas,MASHINI,Sábanas,27990.00,,active,0
823367,823367,132682328,Juego de Sábanas Estampadas 144 Hilos 2.0 Plazas,MASHINI,Sábanas,27990.00,,active,0
823008,823008,132682583,Plumón Coral Emboss Sherpa 1.5 Plazas,MASHINI,Colchas|quilts|plumones,34990.00,,inactive,0
823312,823312,132682786,Frazada Térmica Noruega 2.0 Plazas,MASHINI,Mantas no eléctricas|frazadas,27090.00,,active,0
823310,823310,132682803,Frazada Térmica Noruega 2.0 Plazas,MASHINI,Mantas no eléctricas|frazadas,27090.00,,active,0
823311,823311,132682684,Frazada Térmica Noruega 1.5 Plazas Celeste,MASHINI,Mantas no eléctricas|frazadas,23490.00,,active,0
823309,823309,132682680,Frazada Térmica Noruega 1.5 Plazas,MASHINI,Mantas no eléctricas|frazadas,23490.00,,active,0
823005,823005,132682769,Plumón Coral Emboss Sherpa 1.5 Plazas,MASHINI,Colchas|quilts|plumones,34990.00,,inactive,0
TH-5005N,TH-5005N,132701227,Hervidor Thomas TH-5005N,THOMAS,Teteras|hervidores eléctricos,39990.00,,active,0
TH-5440TK,TH-5440TK,132701482,Hervidor Eléctrico Thomas TH-5440TK,THOMAS,Teteras|hervidores eléctricos,39990.00,,active,0
TH-26R,TH-26R,132701623,Horno Electrico 1500W 25 LT 2 Band Thomas TH-26R,THOMAS,Hornos,79490.00,,active,0
TH-7052,TH-7052,132701619,Plancha Thomas TH-7052,THOMAS,Planchas eléctricas,29490.00,,active,0
TH-9160,TH-9160,132701625,Procesadora Thomas TH-9160,THOMAS,Licuadoras|trituradoras|picadoras eléctricas,60990.00,,active,0
TH-975,TH-975,132701762,Sandwichera Panini Grill Thomas TH-975,THOMAS,Aparatos para hacer sándwiches|waffles,44990.00,,active,0
SG-3049,SG-3049,132701641,Secador De Pelo Siegen SG-3049,SIEGEN,Cabello|artículos para el cuidado eléctricos,35490.00,,active,0
822936,822936,132778032,Plumón Coral Sherpa 2.0 Plazas,MASHINI,Colchas|quilts|plumones,39990.00,,active,-1
822920,822920,132778958,Plumón Coral Sherpa 2.0 Plazas,MASHINI,Colchas|quilts|plumones,39990.00,,inactive,0
821545,821545,132778968,Plumón Coral Print Sherpa 2.0 Plazas,MASHINI,Colchas|quilts|plumones,39990.00,,inactive,0
822966,822966,132779100,Plumón Corduroy Coral Sherpa 2.0 Plazas,MASHINI,Colchas|quilts|plumones,49990.00,,active,0
823006,823006,132779941,Plumón Coral Emboss Sherpa 2.0 Plazas,MASHINI,Colchas|quilts|plumones,45090.00,,inactive,0
820545,820545,132787762,Plumón Microfibra Infantil 1.5 Plazas Frozen,MASHINI,Colchas|quilts|plumones,39090.00,,active,0
820533,820533,132787764,Plumón Microfibra Infantil 1.5 Plazas Frozen,MASHINI,Colchas|quilts|plumones,39090.00,,active,0
820534,820534,132788997,Juego de Sábanas Infantiles Microfibra 1.5 Plazas Frozen,MASHINI,Sábanas,26790.00,,inactive,0
821159,821159,132789004,Juego de Sábanas Estampadas 180 Hilos 2.0 Plazas,MASHINI,Sábanas,31990.00,,active,0
821179,821179,132789010,Juego de Sábanas Estampadas 180 Hilos 2.0 Plazas,MASHINI,Sábanas,31990.00,,active,0
821171,821171,132789017,Juego de Sábanas Estampadas 180 Hilos 2.0 Plazas,MASHINI,Sábanas,31990.00,,active,0
821175,821175,132789021,Juego de Sábanas Estampadas 180 Hilos 2.0 Plazas,MASHINI,Sábanas,31990.00,,inactive,0
821167,821167,132789033,Juego de Sábanas Estampadas 180 Hilos 2.0 Plazas,MASHINI,Sábanas,31990.00,,active,0
821163,821163,132789042,Juego de Sábanas Estampadas 180 Hilos 2.0 Plazas,MASHINI,Sábanas,31990.00,,active,0
821180,821180,132789046,Juego de Sábanas Estampadas 180 Hilos King,MASHINI,Sábanas,34990.00,,active,0
823369,823369,132791660,Juego de Sábanas Estampadas 144 Hilos 1.5 Plazas,MASHINI,Sábanas,24390.00,,active,0
819833,819833,132791690,Juego de Sábanas Infantiles Microfibra 1.5 Plazas Frozen,MASHINI,Sábanas,26790.00,,inactive,0
822962,822962,132884326,Plumón Corduroy Coral Sherpa 2.0 Plazas,MASHINI,Colchas|quilts|plumones,44990.00,,active,0
1721247,1721247,132893759,Set 4 Mug Café 320 ml.,KITCHENWARE,Tazas|tazones|mugs|mates,9090.00,,inactive,0
9550134,9550134,141769449,Jarra Mexico 177 LT,KITCHENWARE,Jarras|decantadores,5990.00,,active,0
BG-39181WH,BG-39181WH,141769450,Cuchillo Chef 20 Cm Resa,BERGNER,Cuchillos|cortadores de cocina,3990.00,,active,0
BG-37045GY,BG-37045GY,132927490,Molde Preparación 12 Muffins Orion,BERGNER,Moldes para alimentos,6790.00,,active,0
820538,820538,132952456,Juego de Sábanas Infantiles Microfibra 1.5 Plazas Spider Man,MASHINI,Sábanas,26790.00,,active,0
823009,823009,133329682,Plumón Coral Emboss Sherpa 2.0 Plazas,MASHINI,Colchas|quilts|plumones,45090.00,,active,0
818983,818983,133498018,Plumón Microfibra Infantil 1.5 Plazas Minnie Sweet,MASHINI,Colchas|quilts|plumones,39090.00,,inactive,0
822916,822916,133544285,Plumón Coral Sherpa 2.0 Plazas,MASHINI,Colchas|quilts|plumones,45090.00,,inactive,0
820908,820908,135489089,Mantel Redondo 180 cms Acuarela,MASHINI,Manteles|servilletas no desechables,12990.00,,active,0
820914,820914,135489091,Mantel Redondo 180 cms Acuarela,MASHINI,Manteles|servilletas no desechables,12990.00,,inactive,0
820898,820898,135489093,Mantel Cuadrado 180x180 Acuarela,MASHINI,Manteles|servilletas no desechables,12990.00,,active,0
820909,820909,135489097,Mantel Rectangular 150x210 Acuarela,MASHINI,Manteles|servilletas no desechables,12990.00,,active,0
820881,820881,135489099,Mantel Rectangular 150x210 Netto,MASHINI,Manteles|servilletas no desechables,12990.00,,active,-1
820895,820895,135489107,Mantel Redondo 180 cms Netto,MASHINI,Manteles|servilletas no desechables,12990.00,,active,0
820888,820888,135503331,Mantel Cuadrado 180x180 Netto,MASHINI,Manteles|servilletas no desechables,12990.00,,active,0
820747,820747,135491222,Funda de Plumón Algodón 2.0 Plazas Chambray,FABRICS,Fundas de plumón,62790.00,,inactive,0
820748,820748,135491263,Funda de Plumón Algodón King Chambray,FABRICS,Fundas de plumón,68790.00,,active,0
817088,817088,135491942,Juego de Sábanas Lisas 300 Hilos King,FABRICS,Sábanas,80790.00,,active,0
817087,817087,135589680,Juego de Sábanas Lisas 300 Hilos 2.0 Plazas,FABRICS,Sábanas,68790.00,,inactive,0
TH-4212N,TH-4212N,135580157,Hervidor THOMAS TH-4212N,THOMAS,Teteras|hervidores eléctricos,17790.00,,active,1
820537,820537,135701987,Plumón Microfibra Infantil 1.5 Plazas Spider Man,MASHINI,Colchas|quilts|plumones,39090.00,,active,0
DR-131-RE,DR-131-RE,135863140,Pack 3 Paños de Cocina Algodón,DORAL,Textiles de cocina,5640.00,,active,0
DR-131-GR,DR-131-GR,135902987,Pack 3 Paños de Cocina Algodón Verde,DORAL,Textiles de cocina,5640.00,,active,0
DR-131-BL,DR-131-BL,135868374,Pack 3 Paños de Cocina Algodón,DORAL,Textiles de cocina,5640.00,4794.00,active,6
DR-131-GY,DR-131-GY,141751782,Pack 3 Paños de Cocina Algodón Gris,DORAL,Textiles de cocina,5640.00,,active,0
TE-1479,TE-1479,135967046,Termo Sifón de Vidrio 1.9 Lt Thermos,THERMOS,Aisladores de botellas|latas,49490.00,,inactive,0
BF248PA,BF248PA,135967304,Batería De Cocina 8 Piezas Camden,KITCHENWARE,Ollas|sartenes|woks,84390.00,,active,0
BF248PR,BF248PR,135967314,Batería De Cocina 8 Piezas Camden,KITCHENWARE,Ollas|sartenes|woks,84390.00,,active,0
SW-HT8-BLUE,SW-HT8-BLUE,136991660,Smartwatch HT8 47.5 mm iWearables,GATON,Smartwatch,51390.00,,inactive,0
SW-HT8-ORANGE,SW-HT8-ORANGE,136992178,Smartwatch HT8 47.5 mm iWearables,GATON,Smartwatch,51390.00,,inactive,0
SW-HT8-GRAY,SW-HT8-GRAY,137229429,Smartwatch HT8 47.5 mm iWearables,GATON,Smartwatch,51390.00,,inactive,0
SW-KC83-BLUE,SW-KC83-BLUE,137230895,Smartwatch KC83 46 mm iWearables,GATON,Smartwatch,51390.00,,inactive,0
SW-KC83-GOLD,SW-KC83-GOLD,137231039,Smartwatch KC83 46 mm iWearables,GATON,Smartwatch,51390.00,,inactive,0
SW-HT12PRO-GOLD,SW-HT12PRO-GOLD,137378262,Smartwatch HT12 PRO 44.5 mm iWearables,GATON,Smartwatch,51390.00,,inactive,0
SW-HT12-SILVER,SW-HT12-SILVER,137378928,Smartwatch HT12 44.6 mm iWearables,GATON,Smartwatch,45790.00,,inactive,0
SW-HT12 -BLACK,SW-HT12 -BLACK,137379029,Smartwatch HT12 44.6 mm iWearables,GATON,Smartwatch,45790.00,,inactive,0
SW-HT21-SILVER,SW-HT21-SILVER,137379394,Smartwatch HT21 46 mm iWearables,GATON,Smartwatch,45790.00,,inactive,0
SW-HT21-GOLD,SW-HT21-GOLD,137379452,Smartwatch HT21 46 mm iWearables,GATON,Smartwatch,45790.00,,inactive,0
SW-HT29-BLACK,SW-HT29-BLACK,137414824,Smartwatch HT29 44 mm. iWearables,GATON,Smartwatch,45790.00,,inactive,0
SW-HT29-BLUE,SW-HT29-BLUE,137415037,Smartwatch HT29 44 mm. iWearables,GATON,Smartwatch,45790.00,,inactive,0
SW-HT29-GREEN,SW-HT29-GREEN,137415089,Smartwatch HT29 44 mm. iWearables,GATON,Smartwatch,45790.00,,inactive,0
SW-HT29-KHAKI,SW-HT29-KHAKI,137415063,Smartwatch HT29 44 mm. iWearables,GATON,Smartwatch,45790.00,,inactive,0
SW-HT8-BLACK,SW-HT8-BLACK,137492433,Smartwatch HT8 47.5 mm iWearables,GATON,Smartwatch,51390.00,,inactive,0
SW-HT17-BLUE,SW-HT17-BLUE,137527872,Smartwatch HT17 Outdoor 47.8 mm iWearables,GATON,Smartwatch,59990.00,,active,0
SW-HT17-ORANGE,SW-HT17-ORANGE,137527878,Smartwatch HT17 Outdoor 47.8 mm iWearables,GATON,Smartwatch,59990.00,,inactive,0
SW-HT17-BLACK,SW-HT17-BLACK,137527898,Smartwatch HT17 Outdoor 47.8 mm iWearables,GATON,Smartwatch,59990.00,,active,0
SW-T8PRO-SILVER,SW-T8PRO-SILVER,137528039,Smartwatch T8 PRO Diseño Ultrafino 43 mm iWearables,GATON,Smartwatch,56990.00,,inactive,0
SW-T8PRO-GOLD,SW-T8PRO-GOLD,137528047,Smartwatch T8 PRO Diseño Ultrafino 43 mm iWearables,GATON,Smartwatch,56990.00,,inactive,0
BB-5072R,BB-5072R,137997878,Set 5 Cuchillos de Cocina + pelador B&B Kitchen BB-5072,B&B,Cuchillos|cortadores de cocina,18390.00,,active,0
BB-5070,BB-5070,138051681,Set de 5 Cuchillos + Afilador + Barra Magnética B&B Kitchen BB-5070,B&B,Cuchillos|cortadores de cocina,24190.00,,active,0
BB-2417,BB-2417,138054970,Set de 4 Cuchillos con Barra Magnética B&B Kitchen BB-2417,B&B,Cuchillos|cortadores de cocina,20690.00,,active,0
824311,824311,138055143,Quilt Cosido Patchwork 2.0 Plazas Mashini,MASHINI,Colchas|quilts|plumones,30990.00,,active,0
824312,824312,138055174,Quilt Cosido Patchwork King Mashini,MASHINI,Colchas|quilts|plumones,34590.00,,inactive,0
TH-120,TH-120,138185138,Tostador Eléctrico Thomas TH-120,THOMAS,Tostadoras,31090.00,,active,0
SG-3510C15,SG-3510C15,138386182,Alisador Original Styler Siegen SG-3510,SIEGEN,Cabello|productos para dar forma al pelo eléctricos,28390.00,,active,0
TH-8845M,TH-8845M,138395357,Batidora Thomas TH-8845M,THOMAS,Batidoras eléctricas,34990.00,,active,0
23102024-BL,23102024-BL,138465148,Cama Colchón Ortopédico para Perros 80x60cm Azul,GENERICO,Casas|camas|alojamiento para mascotas,34990.00,,active,0
23102024-GY,23102024-GY,138465070,Cama Colchón Ortopédico para Perros 80x60cm Gris,GENERICO,Casas|camas|alojamiento para mascotas,34990.00,,active,0
24102024-PR,24102024-PR,138470625,Cama Carpa Tipi Para Mascotas Estilo Boho-Nordico Purpura,GENERICO,Casas|camas|alojamiento para mascotas,34990.00,,active,-1
24102024-MZ,24102024-MZ,138503318,Cama Carpa Tipi Para Mascotas Estilo Boho-Nordico Mostaza,GENERICO,Casas|camas|alojamiento para mascotas,34990.00,,inactive,0
24102024-BG,24102024-BG,138503935,Cama Carpa Tipi Para Mascotas Estilo Boho-Nordico Beige,GENERICO,Casas|camas|alojamiento para mascotas,34990.00,,inactive,0
24102024-CR,24102024-CR,138504608,Cama Carpa Tipi Para Mascotas Estilo Boho-Nordico Crema,GENERICO,Casas|camas|alojamiento para mascotas,34990.00,,inactive,0
27102024-WH,27102024-WH,138634407,Cojín Boho Chic 100% Algodón 45x45cm White,GENERICO,Fundas de almohada/cojín,16990.00,,active,0
27102024-WHGY,27102024-WHGY,138634938,Cojín Boho Chic 100% Algodón 45x45cm White-Grey,GENERICO,Fundas de almohada/cojín,16990.00,,active,0
F27102024-WH,F27102024-WH,138821979,Funda Cojín Boho Chic 100% Algodón 45x45cm White,GENERICO,Fundas de almohada/cojín,14990.00,,active,0
F27102024-WHGY,F27102024-WHGY,138635981,Funda Cojín Boho Chic 100% Algodón 45x45cm White-Grey,GENERICO,Fundas de almohada/cojín,14990.00,,active,0
28102024-OJO,28102024-OJO,138666149,Cojín Boho Retro Poliéster 45x45cm Ojo Egipcio,GENERICO,Fundas de almohada/cojín,8990.00,,active,0
TH-123,TH-123,138656695,Tostador Eléctrico 4 Rebanadas Thomas TH-123,THOMAS,Tostadoras,42890.00,,active,0
28102024-PRN,28102024-PRN,138666222,Cojín Boho Retro Poliéster 45x45cm Silueta Pierna,GENERICO,Fundas de almohada/cojín,8990.00,,active,0
28102024-SOL,28102024-SOL,138666238,Cojín Boho Retro Poliéster 45x45cm Sol,GENERICO,Fundas de almohada/cojín,8990.00,,active,0
28102024-GRT,28102024-GRT,138666272,Cojín Boho Retro Poliéster 45x45cm Geometría Retro,GENERICO,Fundas de almohada/cojín,8990.00,,active,0
28102024-GMP,28102024-GMP,138666762,Cojín Boho Retro Poliéster 45x45cm Gato Mariposa,GENERICO,Fundas de almohada/cojín,8990.00,,active,0
28102024-RYS,28102024-RYS,138667144,Cojín Boho Retro Poliéster 45x45cm Rayas,GENERICO,Fundas de almohada/cojín,8990.00,,active,0
28102024-SLT,28102024-SLT,138667168,Cojín Boho Retro Poliéster 45x45cm Silueta,GENERICO,Fundas de almohada/cojín,8990.00,,active,0
28102024-GTS,28102024-GTS,138667195,Cojín Boho Retro Poliéster 45x45cm Gatos,GENERICO,Fundas de almohada/cojín,8990.00,,active,0
28102024-TZA,28102024-TZA,138667701,Cojín Boho Retro Poliéster 45x45cm Silueta Taza,GENERICO,Fundas de almohada/cojín,8990.00,,active,0
28102024-FLB,28102024-FLB,138667844,Cojín Boho Retro Poliéster 45x45cm Flores Blancas Azules,GENERICO,Fundas de almohada/cojín,8990.00,,active,0
28102024-FLS,28102024-FLS,138667962,Cojín Boho Retro Poliéster 45x45cm Flores,GENERICO,Fundas de almohada/cojín,8990.00,,active,0
28102024-MJR,28102024-MJR,138667996,Cojín Boho Retro Poliéster 45x45cm Mujer,GENERICO,Fundas de almohada/cojín,8990.00,,active,0
28102024-LNS,28102024-LNS,138668044,Cojín Boho Retro Poliéster 45x45cm Lineas,GENERICO,Fundas de almohada/cojín,8990.00,,active,0
28102024-PTS,28102024-PTS,138668113,Cojín Boho Retro Poliéster 45x45cm Patrones,GENERICO,Fundas de almohada/cojín,8990.00,,active,0
28102024-FLE,28102024-FLE,138668183,Cojín Boho Retro Poliéster 45x45cm Flor Espejo,GENERICO,Fundas de almohada/cojín,8990.00,,active,0
28102024-FLO,28102024-FLO,138668217,Cojín Boho Retro Poliéster 45x45cm Flor,GENERICO,Fundas de almohada/cojín,8990.00,,active,0
F28102024-OJO,F28102024-OJO,138668639,Funda Cojín Boho Retro Poliéster 45x45cm Ojo Egipcio,GENERICO,Fundas de almohada/cojín,5990.00,,active,0
F28102024-PRN,F28102024-PRN,138668795,Funda Cojín Boho Retro Poliéster 45x45cm Silueta Piernas,GENERICO,Fundas de almohada/cojín,5990.00,,active,0
F28102024-SOL,F28102024-SOL,138668875,Funda Cojín Boho Retro Poliéster 45x45cm Sol,GENERICO,Fundas de almohada/cojín,5990.00,,active,0
F28102024-GRT,F28102024-GRT,138668911,Funda Cojín Boho Retro Poliéster 45x45cm Geometría Retro,GENERICO,Fundas de almohada/cojín,5990.00,,active,0
F28102024-GMP,F28102024-GMP,138669034,Funda Cojín Boho Retro Poliéster 45x45cm Gato Mariposa,GENERICO,Fundas de almohada/cojín,5990.00,,active,0
F28102024-RYS,F28102024-RYS,138669051,Funda Cojín Boho Retro Poliéster 45x45cm Rayas,GENERICO,Fundas de almohada/cojín,5990.00,,active,0
F28102024-SLT,F28102024-SLT,138669124,Funda Cojín Boho Retro Poliéster 45x45cm Silueta,GENERICO,Fundas de almohada/cojín,5990.00,,active,0
F28102024-GTS,F28102024-GTS,138669158,Funda Cojín Boho Retro Poliéster 45x45cm Gatos,GENERICO,Fundas de almohada/cojín,5990.00,,active,0
F28102024-TZA,F28102024-TZA,138669200,Funda Cojín Boho Retro Poliéster 45x45cm Taza,GENERICO,Fundas de almohada/cojín,5990.00,,active,0
F28102024-FLB,F28102024-FLB,138669336,Funda Cojín Boho Retro Poliéster 45x45cm Flores Blancas Azules,GENERICO,Fundas de almohada/cojín,5990.00,,active,0
F28102024-FLS,F28102024-FLS,138669376,Funda Cojín Boho Retro Poliéster 45x45cm Flores,GENERICO,Fundas de almohada/cojín,5990.00,,active,0
F28102024-MJR,F28102024-MJR,138669418,Funda Cojín Boho Retro Poliéster 45x45cm Mujer,GENERICO,Fundas de almohada/cojín,5990.00,,active,0
F28102024-LNS,F28102024-LNS,138669456,Funda Cojín Boho Retro Poliéster 45x45cm Lineas,GENERICO,Fundas de almohada/cojín,5990.00,,active,0
F28102024-PTS,F28102024-PTS,138669468,Funda Cojín Boho Retro Poliéster 45x45cm Patrones,GENERICO,Fundas de almohada/cojín,5990.00,,active,0
F28102024-FLE,F28102024-FLE,138669561,Funda Cojín Boho Retro Poliéster 45x45cm Flor Espejo,GENERICO,Fundas de almohada/cojín,5990.00,,active,0
F28102024-FLO,F28102024-FLO,138669609,Funda Cojín Boho Retro Poliéster 45x45cm Flor,GENERICO,Fundas de almohada/cojín,5990.00,,active,0
29102024-LUN,29102024-LUN,138788662,Cojin Moderno Urbano Poliéster 45x45cm Lunares,GENERICO,Cojines,8990.00,,active,0
29102024-AYNL,29102024-AYNL,138788850,Cojin Moderno Urbano Poliéster 45x45cm All You Need Is Love,GENERICO,Cojines,8990.00,,active,0
29102024-BOCA,29102024-BOCA,138789080,Cojin Moderno Urbano Poliéster 45x45cm Boca,GENERICO,Cojines,8990.00,,active,0
29102024-DGMT,29102024-DGMT,138789118,Cojin Moderno Urbano Poliéster 45x45cm Diamante Geométrico,GENERICO,Cojines,8990.00,,active,0
29102024-DREA,29102024-DREA,138789144,Cojin Moderno Urbano Poliéster 45x45cm Dream,GENERICO,Cojines,8990.00,,active,0
29102024-OGLA,29102024-OGLA,138789171,Cojin Moderno Urbano Poliéster 45x45cm Oro Glam,GENERICO,Cojines,8990.00,,active,0
29102024-WHBK,29102024-WHBK,138789253,Cojin Moderno Urbano Poliéster 45x45cm Diamante Blanco-Negro,GENERICO,Adornos|decoración,8990.00,,active,0
29102024-PTTS,29102024-PTTS,138789391,Cojin Moderno Urbano Poliéster 45x45cm Puntitos,GENERICO,Adornos|decoración,8990.00,,active,0
29102024-MONT,29102024-MONT,138789482,Cojin Moderno Urbano Poliéster 45x45cm Montaña,GENERICO,Cojines,8990.00,,active,0
29102024-PIGL,29102024-PIGL,138789620,Cojin Moderno Urbano Poliéster 45x45cm Rosado Glam,GENERICO,Adornos|decoración,8990.00,,active,0
29102024-GEOP,29102024-GEOP,138789688,Cojin Moderno Urbano Poliéster 45x45cm Geometría Pastel,GENERICO,Adornos|decoración,8990.00,,active,0
29102024-JADE,29102024-JADE,138789728,Cojin Moderno Urbano Poliéster 45x45cm Jade,GENERICO,Adornos|decoración,8990.00,,active,0
29102024-MABS,29102024-MABS,138789760,Cojin Moderno Urbano Poliéster 45x45cm Marmol Abstracto,GENERICO,Adornos|decoración,8990.00,,active,0
29102024-MPIN,29102024-MPIN,138789804,Cojin Moderno Urbano Poliéster 45x45cm Mármol Rosado,GENERICO,Adornos|decoración,8990.00,,active,0
29102024-DPIN,29102024-DPIN,138789832,Cojin Moderno Urbano Poliéster 45x45cm Diamante Rosa,GENERICO,Adornos|decoración,8990.00,,active,0
29102024-PRIS,29102024-PRIS,138789884,Cojin Moderno Urbano Poliéster 45x45cm Prisma,GENERICO,Adornos|decoración,8990.00,,active,0
F29102024-LUN,F29102024-LUN,138790235,Funda Cojin Moderno Urbano Poliéster 45x45cm Lunares,GENERICO,Fundas de almohada/cojín,5990.00,,active,0
F29102024-AYNL,F29102024-AYNL,138790483,Funda Cojin Moderno Urbano Poliéster 45x45cm All You Need Is Love,GENERICO,Fundas de almohada/cojín,5990.00,,active,0
F29102024-BOCA,F29102024-BOCA,138790685,Funda Cojin Moderno Urbano Poliéster 45x45cm Boca,GENERICO,Fundas de almohada/cojín,5990.00,,active,0
F29102024-DGMT,F29102024-DGMT,138790741,Funda Cojin Moderno Urbano Poliéster 45x45cm Diamante Geometrico,GENERICO,Fundas de almohada/cojín,5990.00,,active,0
F29102024-DREA,F29102024-DREA,138790847,Funda Cojin Moderno Urbano Poliéster 45x45cm Dream,GENERICO,Fundas de almohada/cojín,5990.00,,active,0
F29102024-OGLA,F29102024-OGLA,138790924,Funda Cojin Moderno Urbano Poliéster 45x45cm Oro Glam,GENERICO,Fundas de almohada/cojín,5990.00,,active,0
F29102024-WHBK,F29102024-WHBK,138790959,Funda Cojin Moderno Urbano Poliéster 45x45cm Diamante Blanco-Negro,GENERICO,Fundas de almohada/cojín,5990.00,,active,0
F29102024-PTTS,F29102024-PTTS,138791015,Funda Cojin Moderno Urbano Poliéster 45x45cm Puntitos,GENERICO,Fundas de almohada/cojín,5990.00,,active,0
F29102024-MONT,F29102024-MONT,138791030,Funda Cojin Moderno Urbano Poliéster 45x45cm Montaña,GENERICO,Fundas de almohada/cojín,5990.00,,active,0
F29102024-PIGL,F29102024-PIGL,138791064,Funda Cojin Moderno Urbano Poliéster 45x45cm Rosado Glam,GENERICO,Fundas de almohada/cojín,5990.00,,active,0
F29102024-GEOP,F29102024-GEOP,138791152,Funda Cojin Moderno Urbano Poliéster 45x45cm Geometría Pastel,GENERICO,Fundas de almohada/cojín,5990.00,,active,0
F29102024-JADE,F29102024-JADE,138791191,Funda Cojin Moderno Urbano Poliéster 45x45cm Jade,GENERICO,Fundas de almohada/cojín,5990.00,,active,0
F29102024-MABS,F29102024-MABS,138791492,Funda Cojin Moderno Urbano Poliéster 45x45cm Mármol Abstracto,GENERICO,Fundas de almohada/cojín,5990.00,,active,0
F29102024-MPIN,F29102024-MPIN,138791915,Funda Cojin Moderno Urbano Poliéster 45x45cm Mármol Rosado,GENERICO,Fundas de almohada/cojín,5990.00,,active,0
F29102024-DPIN,F29102024-DPIN,138792965,Funda Cojin Moderno Urbano Poliéster 45x45cm Diamante Rosa,GENERICO,Fundas de almohada/cojín,5990.00,,active,0
F29102024-PRIS,F29102024-PRIS,138793221,Funda Cojin Moderno Urbano Poliéster 45x45cm Prisma,GENERICO,Fundas de almohada/cojín,5990.00,,active,0
30102024-SLVA,30102024-SLVA,138840596,Cojin Moderno Abstracto Poliéster 45x45cm Selva,GENERICO,Cojines,8990.00,,active,0
30102024-RABK,30102024-RABK,138840643,Cojin Moderno Abstracto Poliéster 45x45cm Rama Negra,GENERICO,Adornos|decoración,8990.00,,active,0
30102024-MMIN,30102024-MMIN,138840767,Cojin Moderno Abstracto Poliéster 45x45cm Mano Minimalista,GENERICO,Cojines,8990.00,,active,2
30102024-FOHO,30102024-FOHO,138840797,Cojin Moderno Abstracto Poliéster 45x45cm Flores y Hojas,GENERICO,Adornos|decoración,8990.00,,active,0
30102024-CCTS,30102024-CCTS,138840829,Cojin Moderno Abstracto Poliéster 45x45cm Cactus,GENERICO,Adornos|decoración,8990.00,,active,0
30102024-JUNG,30102024-JUNG,138841034,Cojin Moderno Abstracto Poliéster 45x45cm Jungla,GENERICO,Cojines,8990.00,,active,0
30102024-LORO,30102024-LORO,138841136,Cojin Moderno Abstracto Poliéster 45x45cm Lineas Oro,GENERICO,Adornos|decoración,8990.00,,active,0
30102024-MAOJ,30102024-MAOJ,138841252,Cojin Moderno Abstracto Poliéster 45x45cm Mano Ojo,GENERICO,Adornos|decoración,8990.00,,active,0
30102024-FLRT,30102024-FLRT,138841301,Cojin Moderno Abstracto Poliéster 45x45cm Flores Retro,GENERICO,Adornos|decoración,8990.00,,active,0
30102024-BLOC,30102024-BLOC,138841331,Cojin Moderno Abstracto Poliéster 45x45cm Bloques Ocre,GENERICO,Adornos|decoración,8990.00,,active,0
30102024-VEAT,30102024-VEAT,138841400,Cojin Moderno Abstracto Poliéster 45x45cm Verde Arte,GENERICO,Cojines,8990.00,,active,0
30102024-HOBE,30102024-HOBE,138841489,Cojin Moderno Abstracto Poliéster 45x45cm Hojas Beige,GENERICO,Cojines,8990.00,,active,0
30102024-SLMU,30102024-SLMU,138841536,Cojin Moderno Abstracto Poliéster 45x45cm Silueta Mujer,GENERICO,Adornos|decoración,8990.00,,active,0
30102024-HORO,30102024-HORO,138841638,Cojin Moderno Abstracto Poliéster 45x45cm Hojas Rosadas,GENERICO,Adornos|decoración,8990.00,,active,0
30102024-MAOK,30102024-MAOK,138841891,Cojin Moderno Abstracto Poliéster 45x45cm Mano Ok,GENERICO,Cojines,8990.00,,active,0
30102024-MEMI,30102024-MEMI,138842098,Cojin Moderno Abstracto Poliéster 45x45cm Mesa Minimalista,GENERICO,Adornos|decoración,8990.00,,active,0
30102024-PARO,30102024-PARO,138842149,Cojin Moderno Abstracto Poliéster 45x45cm Paisaje Rosa,GENERICO,Adornos|decoración,8990.00,,active,0
30102024-TEBL,30102024-TEBL,138842210,Cojin Moderno Abstracto Poliéster 45x45cm Terracota Bloques,GENERICO,Adornos|decoración,8990.00,,active,0
30102024-CIPA,30102024-CIPA,138842240,Cojin Moderno Abstracto Poliéster 45x45cm Circulos Pastel,GENERICO,Adornos|decoración,8990.00,,active,0
30102024-FOGE,30102024-FOGE,138842263,Cojin Moderno Abstracto Poliéster 45x45cm Formas Geo,GENERICO,Adornos|decoración,8990.00,,active,0
30102024-MARO,30102024-MARO,138842402,Cojin Moderno Abstracto Poliéster 45x45cm Manos Rosas,GENERICO,Adornos|decoración,8990.00,,active,0
30102024-MZEN,30102024-MZEN,138842498,Cojin Moderno Abstracto Poliéster 45x45cm Minimalista Zen,GENERICO,Cojines,8990.00,,active,0
30102024-HOMU,30102024-HOMU,138842588,Cojin Moderno Abstracto Poliéster 45x45cm Hojas Mujer,GENERICO,Cojines,8990.00,,active,0
30102024-FORO,30102024-FORO,138842851,Cojin Moderno Abstracto Poliéster 45x45 Cm Formas Rosadas,GENERICO,Adornos|decoración,8990.00,,active,0
30102024-SLBK,30102024-SLBK,138842744,Cojin Moderno Abstracto Poliéster 45x45 Cm Silueta Negra,GENERICO,Adornos|decoración,8990.00,,active,0
F30102024-SLVA,F30102024-SLVA,138844299,Funda Cojin Moderno Abstracto Poliéster 45x45cm Selva,GENERICO,Fundas de almohada/cojín,5990.00,,active,0
F30102024-RABK,F30102024-RABK,138844355,Funda Cojin Moderno Abstracto Poliéster 45x45cm Rama Negra,GENERICO,Fundas de almohada/cojín,5990.00,,active,0
F30102024-MMIN,F30102024-MMIN,138844377,Funda Cojin Moderno Abstracto Poliéster 45x45cm Mano Minimalista,GENERICO,Fundas de almohada/cojín,5990.00,,active,0
F30102024-FOHO,F30102024-FOHO,138844389,Funda Cojin Moderno Abstracto Poliéster 45x45cm Flores y Hojas,GENERICO,Fundas de almohada/cojín,5990.00,,active,0
F30102024-CCTS,F30102024-CCTS,138844403,Funda Cojin Moderno Abstracto Poliéster 45x45cm Cactus,GENERICO,Fundas de almohada/cojín,5990.00,,active,0
F30102024-JUNG,F30102024-JUNG,138844489,Funda Cojin Moderno Abstracto Poliéster 45x45cm Jungla,GENERICO,Fundas de almohada/cojín,5990.00,,active,0
F30102024-LORO,F30102024-LORO,138844522,Funda Cojin Moderno Abstracto Poliéster 45x45cm Lineas Oro,GENERICO,Fundas de almohada/cojín,5990.00,,active,0
F30102024-MAOJ,F30102024-MAOJ,138844689,Funda Cojin Moderno Abstracto Poliéster 45x45cm Mano Ojo,GENERICO,Fundas de almohada/cojín,5990.00,,active,0
F30102024-FLRT,F30102024-FLRT,138844756,Funda Cojin Moderno Abstracto Poliéster 45x45cm Flores Retro,GENERICO,Fundas de almohada/cojín,5990.00,,active,0
F30102024-BLOC,F30102024-BLOC,138844768,Funda Cojin Moderno Abstracto Poliéster 45x45cm Bloques Ocre,GENERICO,Fundas de almohada/cojín,5990.00,,active,0
F30102024-VEAT,F30102024-VEAT,138845074,Funda Cojin Moderno Abstracto Poliéster 45x45cm Verde Arte,GENERICO,Fundas de almohada/cojín,5990.00,,active,0
F30102024-HOBE,F30102024-HOBE,138845096,Funda Cojin Moderno Abstracto Poliéster 45x45cm Hojas Beige,GENERICO,Fundas de almohada/cojín,5990.00,,active,0
F30102024-SLMU,F30102024-SLMU,138845124,Funda Cojin Moderno Abstracto Poliéster 45x45cm Silueta Mujer,GENERICO,Fundas de almohada/cojín,5990.00,,active,0
F30102024-HORO,F30102024-HORO,138845160,Funda Cojin Moderno Abstracto Poliéster 45x45cm Hojas Rosadas,GENERICO,Fundas de almohada/cojín,5990.00,,active,0
F30102024-MAOK,F30102024-MAOK,138845181,Funda Cojin Moderno Abstracto Poliéster 45x45cm Mano Ok,GENERICO,Fundas de almohada/cojín,5990.00,,active,0
F30102024-MEMI,F30102024-MEMI,138845203,Funda Cojin Moderno Abstracto Poliéster 45x45cm Mesa Minimalista,GENERICO,Fundas de almohada/cojín,5990.00,,active,0
F30102024-PARO,F30102024-PARO,138845211,Funda Cojin Moderno Abstracto Poliéster 45x45cm Paisaje Rosa,GENERICO,Fundas de almohada/cojín,5990.00,,active,0
F30102024-TEBL,F30102024-TEBL,138845237,Funda Cojin Moderno Abstracto Poliéster 45x45cm Terracota Bloque,GENERICO,Fundas de almohada/cojín,5990.00,,active,0
F30102024-CIPA,F30102024-CIPA,138845263,Funda Cojin Moderno Abstracto Poliéster 45x45cm Circulos Pastel,GENERICO,Fundas de almohada/cojín,5990.00,,active,0
F30102024-FOGE,F30102024-FOGE,138845282,Funda Cojin Moderno Abstracto Poliéster 45x45cm Formas Geo,GENERICO,Fundas de almohada/cojín,5990.00,,active,0
F30102024-MARO,F30102024-MARO,138845296,Funda Cojin Moderno Abstracto Poliéster 45x45cm Manos Rosas,GENERICO,Fundas de almohada/cojín,5990.00,,active,0
F30102024-MZEN,F30102024-MZEN,138845315,Funda Cojin Moderno Abstracto Poliéster 45x45cm Minimalista Zen,GENERICO,Fundas de almohada/cojín,5990.00,,active,0
F30102024-HOMU,F30102024-HOMU,138845341,Funda Cojin Moderno Abstracto Poliéster 45x45cm Hojas Mujer,GENERICO,Fundas de almohada/cojín,5990.00,,active,0
F30102024-FORO,F30102024-FORO,138845416,Funda Cojin Moderno Abstracto Poliéster 45x45cm Formas Rosadas,GENERICO,Fundas de almohada/cojín,5990.00,,active,0
F30102024-SLBK,F30102024-SLBK,138845433,Funda Cojin Moderno Abstracto Poliéster 45x45cm Silueta Negra,GENERICO,Fundas de almohada/cojín,5990.00,,active,0
31102024-PASC,31102024-PASC,138883318,Muñecos de Navidad Extensibles Pascuero,GENERICO,Decoración navideña,12990.00,,active,11
31102024-RENO,31102024-RENO,138883366,Muñecos de Navidad Extensibles Reno,GENERICO,Decoración navideña,12990.00,,active,19
31102024-MNIE,31102024-MNIE,138883542,Muñecos de Navidad Extensibles Mono de Nieve,GENERICO,Decoración navideña,12990.00,,active,13
32102024-REGR,32102024-REGR,138886384,Set de Adornos Navideños de 40 Piezas Rojo-Verde,GENERICO,Decoración de árboles de navidad,14990.00,,active,0
32102024-WHGO,32102024-WHGO,138887055,Set de Adornos Navideños de 40 Piezas Blanco-Dorado,GENERICO,Decoración de árboles de navidad,14990.00,,active,0
35102024-PASC,35102024-PASC,138889292,Cojin Navideño Poliéster Flax 45x45cm Pascuero,GENERICO,Cojines,6990.00,,active,0
35102024-RENO,35102024-RENO,138889318,Cojin Navideño Poliéster Flax 45x45cm Reno,GENERICO,Cojines,6990.00,,active,0
35102024-ESTR,35102024-ESTR,138889508,Cojin Navideño Poliéster Flax 45x45cm Estrella,GENERICO,Cojines,6990.00,,active,0
35102024-MECH,35102024-MECH,138889776,Cojin Navideño Poliéster Flax 45x45cm Merry Christmas,GENERICO,Cojines,6990.00,,active,0
F35102024-PASC,F35102024-PASC,138890346,Funda Cojin Navideño Poliéster Flax 45x45cm Pascuero,GENERICO,Fundas de almohada/cojín,5490.00,,active,0
F35102024-RENO,F35102024-RENO,138890526,Funda Cojin Navideño Poliéster Flax 45x45cm Reno,GENERICO,Fundas de almohada/cojín,5490.00,,active,0
F35102024-ESTR,F35102024-ESTR,138890714,Funda Cojin Navideño Poliéster Flax 45x45cm Estrella,GENERICO,Fundas de almohada/cojín,5490.00,,active,0
F35102024-MECH,F35102024-MECH,138890762,Funda Cojin Navideño Poliéster Flax 45x45cm Merry Christmas,GENERICO,Fundas de almohada/cojín,5490.00,,active,0
38102024-RE,38102024-RE,138891247,Duende Navideño con Luces LED Rojo,GENERICO,Luces de navidad,7990.00,,active,0
38102024-GR,38102024-GR,138891880,Duende Navideño con Luces LED Verde,GENERICO,Luces de navidad,7990.00,,active,0
37102024,37102024,138892797,Árbol de Navidad 180cm 650 Ramas,GENERICO,Árboles de navidad,39990.00,,active,0
2020191294-GY,2020191294-GY,138892819,Masajeador De Pulso TENS Estimulador Electro Muscular,GENERICO,Productos para masajes|calentamiento personal eléctricos,29990.00,,active,0
39102024,39102024,138893606,Tren Navideño Colgante con Luces y Música,GENERICO,Decoración navideña,34990.00,,active,0
40102024,40102024,138893764,Viejo Pascuero Inflable 1.8 MT,GENERICO,Decoración navideña,49990.00,,active,0
823388,823388,138922068,Juego de Sábanas Colores 144 Hilos 2 Plazas,MASHINI,Sábanas,30690.00,,active,0
823383,823383,138922490,Juego de Sábanas Colores 144 Hilos 2 Plazas,MASHINI,Sábanas,30690.00,,active,0
823408,823408,138922368,Juego de Sábanas Colores 144 Hilos 2 Plazas,MASHINI,Sábanas,30690.00,,active,0
823373,823373,138922301,Juego de Sábanas Estampadas 144 Hilos 2 Plazas,MASHINI,Sábanas,30690.00,,active,0
817502,817502,138922610,Juego de Sábanas Colores Lisos 200 Hilos 2 Plazas,MASHINI,Sábanas,35490.00,,active,0
817212,817212,138922464,Juego de Sábanas Bordada Line 144 Hilos 2 Plazas,MASHINI,Sábanas,30690.00,,active,0
823381,823381,138922815,Juego de Sábanas Colores 144 Hilos 1 Plaza,MASHINI,Sábanas,23490.00,,inactive,0
823386,823386,138922821,Juego de Sábanas Colores 144 Hilos 1 Plaza,MASHINI,Sábanas,23490.00,,active,0
823382,823382,138922847,Juego de Sábanas Colores Lisos 144 Hilos 1.5 Plazas,MASHINI,Sábanas,24690.00,,active,0
823407,823407,138922915,Juego de Sábanas Colores Lisos 144 Hilos 1.5 Plazas,MASHINI,Sábanas,24690.00,,active,0
BATAIAM6P,BATAIAM6P,138923090,Batería de Cocina 6 Piezas Acero Inoxidable Amsterdam,DORAL,Ollas|sartenes|woks,38790.00,,active,0
818657,818657,138923367,Juego de Sábanas Bordadas 180 Hilos 2 Plazas,MASHINI,Sábanas,35490.00,,active,0
818653,818653,138923345,Juego de Sábanas Bordadas 180 Hilos 2 Plazas,MASHINI,Sábanas,35490.00,,active,0
817407,817407,138923262,Juego de Sábanas Colores 144 Hilos 1.5 Plazas,MASHINI,Sábanas,24690.00,,active,0
25102024-BKRE,25102024-BKRE,138934626,Cama Ortopédica para Perros 70x55cm Negra-Roja,GENERICO,Casas|camas|alojamiento para mascotas,19990.00,,active,0
25102024-BKGY,25102024-BKGY,138934830,Cama Ortopédica para Perros 70x55cm Negra-Gris,GENERICO,Casas|camas|alojamiento para mascotas,19990.00,,active,0
824258,824258,139000455,Quilt Microfibra Bicolor King Mashini,MASHINI,Colchas|quilts|plumones,33090.00,,active,0
824271,824271,139000528,Quilt Microfibra Estampado 1.5 Plazas Mashini,MASHINI,Colchas|quilts|plumones,23490.00,,inactive,0
26102024-BKGY,26102024-BKGY,139019387,Cama Ortopédica para Perros 80x60cm Negra-Gris,GENERICO,Casas|camas|alojamiento para mascotas,24990.00,,active,0
26102024-BKRE,26102024-BKRE,139019750,Cama Ortopédica para Perros 80x60cm Negra-Roja,GENERICO,Casas|camas|alojamiento para mascotas,24990.00,,active,0
2020191291-PIM,2020191291-PIM,139119553,Patines LED Roller + Accesorios Rosados,COUGAR,Patines|Monopatines,96590.00,69990.00,active,6
2020191291-PIS,2020191291-PIS,139119585,Patines LED Roller + Accesorios Rosados,COUGAR,Patines|Monopatines,96590.00,,active,1
820912,820912,139234231,Mantel Rectangular 150x210 Acuarela,MASHINI,Manteles|servilletas no desechables,12990.00,,active,0
818121,818121,139234251,Mantel Rectangular 150x210 Acuarela,MASHINI,Manteles|servilletas no desechables,12990.00,,active,0
820906,820906,139234268,Mantel Rectangular 150x210 Acuarela,MASHINI,Manteles|servilletas no desechables,12990.00,,active,0
824214,824214,139234320,Quilt Cordoba Liso 1.5 Plazas Mashini,MASHINI,Colchas|quilts|plumones,19990.00,,active,0
824217,824217,139280806,Quilt Cordoba Liso 1.5 Plazas Mashini,MASHINI,Colchas|quilts|plumones,23490.00,,active,0
824223,824223,139280846,Quilt Cordoba Liso 1.5 Plazas Mashini,MASHINI,Colchas|quilts|plumones,19990.00,,active,1
824220,824220,139280893,Quilt Cordoba Liso 1.5 Plazas Mashini,MASHINI,Colchas|quilts|plumones,19990.00,,inactive,0
824211,824211,139280908,Quilt Cordoba Liso 1.5 Plazas Mashini,MASHINI,Colchas|quilts|plumones,19990.00,,active,0
824274,824274,139281371,Quilt Microfibra Estampado 1.5 Plazas Mashini,MASHINI,Colchas|quilts|plumones,23490.00,,active,0
824268,824268,139281394,Quilt Microfibra Estampado 1.5 Plazas Mashini,MASHINI,Colchas|quilts|plumones,23490.00,,active,0
818935,818935,139281406,Quilt Microfibra Estampado 1.5 Plazas Mashini,MASHINI,Colchas|quilts|plumones,23490.00,,active,0
818932,818932,139281460,Quilt Microfibra Estampado 1.5 Plazas Mashini,MASHINI,Colchas|quilts|plumones,23490.00,,active,0
824265,824265,139281499,Quilt Microfibra Estampado 1.5 Plazas Mashini,MASHINI,Colchas|quilts|plumones,23490.00,,active,0
821670,821670,139282113,Toalla de Baño 550 grs 70x140 Fabrics,FABRICS,Adornos|decoración,18990.00,,active,0
821658,821658,139282453,Toalla de Baño 550 grs 70x140 Fabrics,FABRICS,Adornos|decoración,18990.00,,active,0
821664,821664,139282520,Toalla de Baño 550 grs 70x140 Fabrics,FABRICS,Adornos|decoración,18990.00,,active,0
821663,821663,139282853,Toalla Sábana de Baño 550 grs 90x180 Fabrics,FABRICS,Adornos|decoración,23790.00,,active,0
821657,821657,139283068,Toalla Sábana de Baño 550 grs 90x180 Fabrics,FABRICS,Adornos|decoración,23790.00,,active,0
821669,821669,139283236,Toalla Sábana de Baño 550 grs 90x180 Fabrics,FABRICS,Adornos|decoración,23790.00,,active,0
821066,821066,139284271,Juego de Sábanas Lisas 180 Hilos 2 Plazas Sohome,SOHOME,Sábanas,47490.00,,active,0
821069,821069,139284273,Juego de Sábanas Lisas 180 Hilos 2 Plazas Sohome,SOHOME,Sábanas,47490.00,,active,0
821063,821063,139284285,Juego de Sábanas Lisas 180 Hilos 2 Plazas Sohome,SOHOME,Sábanas,47490.00,,active,0
824212,824212,139311451,Quilt Cordoba Liso 2 Plazas Mashini,MASHINI,Colchas|quilts|plumones,19990.00,,active,0
824224,824224,139311471,Quilt Cordoba Liso 2 Plazas Mashini,MASHINI,Colchas|quilts|plumones,23490.00,,active,1
824218,824218,139311483,Quilt Cordoba Liso 2 Plazas Mashini,MASHINI,Colchas|quilts|plumones,19990.00,,active,0
824221,824221,139311499,Quilt Cordoba Liso 2 Plazas Mashini,MASHINI,Colchas|quilts|plumones,19990.00,,active,0
822362,822362,139311691,Quilt Microfibra Estampado 2 Plazas Mashini,MASHINI,Colchas|quilts|plumones,23490.00,,active,0
818936,818936,139311782,Quilt Microfibra Estampado 2 Plazas Mashini,MASHINI,Colchas|quilts|plumones,29990.00,,active,0
824275,824275,139311808,Quilt Microfibra Estampado 2 Plazas Mashini,MASHINI,Colchas|quilts|plumones,23490.00,,active,0
824266,824266,139311818,Quilt Microfibra Estampado 2 Plazas Mashini,MASHINI,Colchas|quilts|plumones,29990.00,,inactive,0
824231,824231,139311955,Quilt Cordoba Estampado King Mashini,MASHINI,Colchas|quilts|plumones,29490.00,,active,0
824240,824240,139312012,Quilt Cordoba Estampado King Mashini,MASHINI,Colchas|quilts|plumones,29490.00,,inactive,0
824243,824243,139312044,Quilt Cordoba Estampado King Mashini,MASHINI,Colchas|quilts|plumones,29490.00,,inactive,0
73081828418463,73081828418463,139354350,Juego Didáctico Aprendiendo los Colores,GENERICO,Juegos de tablero,34990.00,,active,0
9789588633107,9789588633107,141729515,Juego Didáctico Baby & Mom,GENERICO,Juguetes estimulantes de bebés|niños con baterías,34990.00,,active,0
9789588633060,9789588633060,139399702,TGP JUEGO DIDACTICO EMOCIONES Y SENTIMIENTOS,GENERICO,Juguetes de comunicación no eléctricos,34990.00,,active,0
9789588633114,9789588633114,139399774,TGP JUEGO DIDACTICO PLATO IDEAL,GENERICO,Juguetes de comunicación no eléctricos,39990.00,,active,0
DS80870,DS80870,139828721,MOCHILA JUVENIL STITCH,INTEK GAMES,Carteras de mano o colgantes|mochilas|bolsos,29990.00,,active,0
MN81235,MN81235,139833167,MOCHILA INFANTIL MINNIE CON MANITOS,INTEK GAMES,Carteras de mano o colgantes|mochilas|bolsos,34990.00,,active,0
PS0201B,PS0201B,139830156,MOCHILA PS STREET DAY MJODA BLACK,INTEK GAMES,Carteras de mano o colgantes|mochilas|bolsos,39990.00,32992.00,active,5
PS0404C,PS0404C,139830733,MOCHILA PS KUSTOMIZED BEAR PINK,INTEK GAMES,"Mochilas, bolsos, maletas y loncheras escolares",48990.00,,active,2
PS0405B,PS0405B,139831159,MOCHILA PS KUSTOMIZED BULL BLACK,INTEK GAMES,"Mochilas, bolsos, maletas y loncheras escolares",52990.00,44392.00,active,6
SP78006.WALL,SP78006.WALL,139831879,MOCHILA INFANTIL SPIDERMAN 14 WALL,INTEK,Carteras de mano o colgantes|mochilas|bolsos,26990.00,,active,0
SP78006,SP78006.WALL,139831878,MOCHILA INFANTIL SPIDERMAN 14 WALL,INTEK,Carteras de mano o colgantes|mochilas|bolsos,26990.00,,active,0
SP78129,SP78129,139832505,MOCHILA CON RUEDAS SPIDERMAN 14,INTEK GAMES,Carteras de mano o colgantes|mochilas|bolsos,34990.00,,active,0
TH-20DM,TH-20DM,140498741,Microondas Thomas 20L TH-20DM,THOMAS,Hornos microondas,115990.00,,active,0
BG8520MBGK,BG8520MBGK,140568818,Grill Bergner Orion 28 Cm Aluminio Forjado,KITCHENWARE,Utensilios para grill|hornos|hornillas,16990.00,,active,0
BF1624B-B,BF1624B-B,140603641,Olla Camden 24 cm Azul,KITCHENWARE,Ollas|sartenes|woks,32990.00,,active,0
BF1624B-R,BF1624B-R,140603674,Olla Camden 24 cm Rojo,KITCHENWARE,Ollas|sartenes|woks,32990.00,,active,6
SG-6113-KW,SG-6113-KW,140626182,Plancha para asar 36cm Die Cast Aluminio Induction,KITCHENWARE,Ollas|sartenes|woks,22990.00,,active,0
BG38313GYK,BG38313GYK,140635433,Cafetera Embolo Boro Charcoal 800 ML,BERGNER,Cafeteras no eléctricas,16990.00,,active,0
DF2110-RD,DF2110-RD,140635439,Termo Líquido 1.0 Lts Thermos Rojo,THERMOS,Aisladores de botellas|latas,32990.00,,active,0
SK2020BK,SK2020BK,140665043,Termo Líquido Thermos King 20L Acero Inoxidable Negro,THERMOS,Aisladores de botellas|latas,59990.00,,active,0
BG38245GYK,BG38245GYK,140665294,Cafetera Italiana Aluminio Charcoal 12 TAZAS,BERGNER,Cafeteras no eléctricas,24990.00,,active,0
BG-39170MM,BG-39170MM,140666912,Set 3 Piezas Cuchillos Acero Inoxidable Damascus,BERGNER,Cuchillos|cortadores de cocina,16990.00,,active,0
DF1547-MB,DF1547-MB,140668661,Mug Acero Inoxidable Thermocafe 350ml Negro Mate,THERMOS,Aisladores de botellas|latas,9990.00,,active,0
DF1547-RG,DF1547-RG,140668969,Mug Acero Inoxidable Thermocafe 350ml Gold Mate,THERMOS,Aisladores de botellas|latas,9990.00,,active,0
ZPL-22GR,ZPL-22GR,140677418,Termo Sifón Splash Free Vidrio 22L Green,THERMOS,Accesorios para equipos de bebida y comida para acampar,56990.00,,active,0
FAG-1007,FAG-1007,140677592,Batería Aluminio Forjado Soho 7 Piezas Verde,KITCHENWARE,Ollas|sartenes|woks,104990.00,,active,0
FCH-1007,FCH-1007,140679015,Batería Aluminio Forjado Soho 7 Piezas Rosada,KITCHENWARE,Ollas|sartenes|woks,104990.00,,active,0
LA18G,LA18G,140679585,Termo Thermos Para Líquidos 1.8 Litros,THERMOS,Accesorios para equipos de bebida y comida para acampar,16990.00,,active,-1
818671,818671,140869864,Set 2 Toallas Elite 450 grs Cuerpo y Rostro Blanco,MASHINI,Adornos|decoración,18990.00,,active,0
818675,818675,140869900,Set 2 Toallas Elite 450 grs Cuerpo y Rostro Taupe,MASHINI,Adornos|decoración,18990.00,,active,0
822462,822462,140873322,Toalla de Mano 500 grs 45 x 80 Cms Verde,MASHINI,Adornos|decoración,6990.00,,active,0
816744,816744,140875521,Toalla de Mano 500 grs 45 x 80 Cms Azul,MASHINI,Adornos|decoración,6990.00,,active,0
822461,822461,140875560,Toalla de Mano 500 grs 45 x 80 Cms Coral,MASHINI,Adornos|decoración,6990.00,,active,0
816084,816084,140874062,Toalla de Mano 500 grs 45 x 80 Cms Blanco,MASHINI,Adornos|decoración,6990.00,,active,0
816743,816743,140875584,Toalla de Mano 500 grs 45 x 80 Cms Gris,MASHINI,Adornos|decoración,6990.00,,active,0
822465,822465,140899538,Toalla de Baño 500 grs 70 x 140 Cms Verde,MASHINI,Adornos|decoración,18990.00,,active,0
816748,816748,140899498,Toalla de Baño 500 grs 70 x 140 Cms Azul,MASHINI,Adornos|decoración,18990.00,,active,0
822463,822463,140899463,Toalla de Baño 500 grs 70 x 140 Cms Amarillo,MASHINI,Adornos|decoración,18990.00,,active,0
816089,816089,140899468,Toalla de Baño 500 grs 70 x 140 Cms Blanco,MASHINI,Adornos|decoración,18990.00,,active,0
816747,816747,140899527,Toalla de Baño 500 grs 70 x 140 Cms Gris,MASHINI,Adornos|decoración,18990.00,,active,0
822468,822468,140900377,Toalla Sábana de Baño 500 grs 90 x 150 Cms Verde,MASHINI,Toallas de tela|textil,21990.00,,active,0
816752,816752,140900928,Toalla Sábana de Baño 500 grs 90 x 150 Cms Azul,MASHINI,Toallas de tela|textil,21990.00,,active,0
822467,822467,140901228,Toalla Sábana de Baño 500 grs 90 x 150 Cms Coral,MASHINI,Toallas de tela|textil,21990.00,,active,0
816094,816094,140901236,Toalla Sábana de Baño 500 grs 90 x 150 Cms Blanco,MASHINI,Toallas de tela|textil,21990.00,,active,0
816751,816751,140901321,Toalla Sábana de Baño 500 grs 90 x 150 Cms Gris,MASHINI,Toallas de tela|textil,21990.00,,active,0
823297,823297,141705948,Set 2 Toallas 500grs Cuerpo y Rostro Rojo,MASHINI,Textiles de baño,18990.00,,active,0
823300,823300,141705949,Set 2 Toallas 500grs Cuerpo y Rostro Naranjo,MASHINI,Textiles de baño,18990.00,,active,0
823299,823299,141705925,Set 2 Toallas 500grs Cuerpo y Rostro Azul,MASHINI,Textiles de baño,18990.00,,active,0
BATALTI6W-TUR,BATALTI6W-TUR,140966015,Batería Alum/Tita 6 Piezas con Wok - P. Metal - Línea New Montecarlo Turquesa,DORAL,Ollas|sartenes|woks,56990.00,,active,0
BATALTI6W-SAL,BATALTI6W-SAL,140966035,Batería Alum/Tita 6 Piezas con Wok - P. Metal - Línea New Montecarlo Salmon,DORAL,Ollas|sartenes|woks,56990.00,,active,0
820630,820630,141132312,Plumón Infantil Sherpa  ¡Perfecto para Noches Frías! Mickey Mouse,MASHINI,Colchas|quilts|plumones,36990.00,31990.00,active,1
820634,820634,141132356,Plumón Infantil Sherpa  ¡Perfecto para Noches Frías! Minnie,MASHINI,Colchas|quilts|plumones,36990.00,,active,0
820637,820637,141132386,Plumón Infantil Sherpa  ¡Perfecto para Noches Frías! Paw Patrol,MASHINI,Colchas|quilts|plumones,36990.00,,active,0
820640,820640,141132388,Plumón Infantil Sherpa  ¡Perfecto para Noches Frías! Spiderman,MASHINI,Colchas|quilts|plumones,36990.00,,inactive,0
825513,825513,141257813,Frazada Térmica Noruega King Azul,MASHINI,Mantas no eléctricas|frazadas,24990.00,,inactive,0
825511,825511,141258003,Frazada Térmica Noruega King Beige,MASHINI,Mantas no eléctricas|frazadas,24990.00,,inactive,-2
825512,825512,141257888,Frazada Térmica Noruega King Beige,MASHINI,Mantas no eléctricas|frazadas,24990.00,,active,0
PATERC6B5-AZ,PATERC6B5-AZ,141262646,Pack Termos 600ml + Bala Hydrous 500ml Azul,DORAL,Accesorios para equipos de bebida y comida para acampar,26990.00,,active,0
PATERC6B5-CE,PATERC6B5-CE,141262325,Pack Termos 600ml + Bala Hydrous 500ml Celeste,DORAL,Accesorios para equipos de bebida y comida para acampar,26990.00,,active,0
PATERC6B5-NJ,PATERC6B5-NJ,141262558,Pack Termos 600ml + Bala Hydrous 500ml Naranja,DORAL,Accesorios para equipos de bebida y comida para acampar,26990.00,,active,0
PATERC6B5,PATERC6B5,141262706,Pack Termos 600ml + Bala Hydrous 500ml Negro,DORAL,Accesorios para equipos de bebida y comida para acampar,26990.00,,active,0
CHELSEA-MC,CHELSEA-MC,141984701,Batería de Cocina Chelsea 9 Piezas – Aluminio Fundido,KITCHENWARE,Ollas|sartenes|woks,94990.00,,active,0
823317,823317,142060492,Set de Cortinas Blackout Argolla Regata Amarilla,MASHINI,Cortinas,39990.00,,active,0
823316,823316,142060504,Set de Cortinas Blackout Argolla Regata Azul,MASHINI,Cortinas,39990.00,,active,0
823319,823319,142060533,Set de Cortinas Blackout Argolla Regata Azul,MASHINI,Cortinas,39990.00,,active,0
ALCNBLA01A57Z,ALCNBLA01A57Z,142171783,Almohada Cannon Home Down Alternative  Microfibra Ultra Suave,CANNON,Almohadas,34990.00,,active,0
ALRSGDA01A57Z,ALRSGDA01A57Z,142198708,Almohada Microfibra Premium Royal Supreme,CANNON,Almohadas,34990.00,,active,0
824867,824867,142209585,Plumón Rell. 200 GRS Single Colo-Colo Eterno - 1.5 Plazas,MASHINI,Colchas|quilts|plumones,39990.00,,inactive,0
819675,819675,142486856,Sábana 15 Plazas Microfibra Mickey Original,WINDSOR,Sábanas,24990.00,19493.00,active,8
819677,819677,142486872,Sábana 15 Plazas Microfibra Paw Patrol Niño Triángulo,WINDSOR,Sábanas,24990.00,,active,0
SG-3512D1,SG-3512D1,142648526,Alisador Siegen SG-3512D1,SIEGEN,Guardabarros|guardasalpicaduras,39990.00,,active,0
TH-130,TH-130,142649007,Cafetera Thomas TH-130,THOMAS,Teteras|hervidores eléctricos,29990.00,,active,1
824868,824868,142649365,Sábana Infantil MF Single Colo-Colo Vidal Eterno,MASHINI,Sábanas,29990.00,,inactive,-1
SG-8520,SG-8520,142649862,Corta pelo Siegen SG-8520,SIEGEN,Afeitado|cuchillas eléctricas,39990.00,,active,0
TH-4351,TH-4351,142649957,Hervidor Family & Friends 3 Lts Thomas TH-4351,THOMAS,Teteras|hervidores eléctricos,29990.00,26990.00,active,2
TH-6250B,TH-6250B,142649977,Hervidor Cool Touch 17 Lts TH-6250B,THOMAS,Teteras|hervidores eléctricos,44640.00,,active,2
TH-501V,TH-501V,142650049,Licuadora Thomas TH-501V,THOMAS,Batidoras eléctricas,55990.00,,active,0
TH-9005V,TH-9005V,142650080,Picadora Thomas TH-9005V,THOMAS,Tratamientos para alimentos,39989.99,,active,0
TH-7003,TH-7003,142650103,Plancha Vapor Vértical Thomas TH-7003,THOMAS,Artículos para limpieza,26990.00,,active,2
TH-25N01,TH-25N01,142650253,Horno Eléctrico Thomas TH-25N01,THOMAS,Cosméticos|labios,72990.00,,active,0
826139,826139,142967251,Manta Capucha Windsor 3D,WINDSOR,Mantas no eléctricas|frazadas,14990.00,,active,0
826140,826140,142967344,Manta Capucha Windsor 3D,WINDSOR,Mantas no eléctricas|frazadas,14990.00,,active,0
826135,826135,142967498,Manta Capucha Windsor 3D,WINDSOR,Mantas no eléctricas|frazadas,14990.00,,active,0
826141,826141,142967594,Manta Capucha Windsor 3D,WINDSOR,Mantas no eléctricas|frazadas,14990.00,,active,0
826138,826138,142967634,Manta Capucha Windsor 3D,WINDSOR,Mantas no eléctricas|frazadas,14990.00,,active,0
823313,823313,143174117,Frazada Térmica Noruega 15 Plazas Azul,MASHINI,Mantas no eléctricas|frazadas,23490.00,,active,0
823314,823314,143175095,Frazada Térmica Noruega 2.0 Plazas Azul,MASHINI,Mantas no eléctricas|frazadas,27090.00,,active,0
825093,825093,144262533,Plumón Corduroy Coral Sherpa 2.0 Plazas Coral,MASHINI,Colchas|quilts|plumones,52990.00,,active,0
825097,825097,144262543,Plumón Corduroy Coral Sherpa 2.0 Plazas Rosado,MASHINI,Colchas|quilts|plumones,52990.00,,active,0
820480,820480,144262737,Plumón Microfibra Infantil 1.5 Plazas Spiderman Power,MASHINI,Colchas|quilts|plumones,39990.00,,active,0
106930,106930,144573278,Juego de Sabanas Estampadas 150 Hilos 2 Plazas 100% Algodón Encanto,Teka,Sábanas,42990.00,,active,0
106940,106940,144573779,Juego de Sabanas Estampadas 150 Hilos 2 Plazas 100% Algodón Tartan,Teka,Sábanas,42990.00,,active,1
106950,106950,144574503,Juego de Sabanas Estampadas 150 Hilos 2 Plazas 100% Algodón Loss,Teka,Sábanas,42990.00,,active,0
106960,106960,144574715,Juego de Sabanas Estampadas 150 Hilos 2 Plazas 100% Algodón Vintage,Teka,Sábanas,42990.00,,active,0
106970,106970,144578102,Juego de Sabanas Estampadas 150 Hilos 2 Plazas 100% Algodón Batik,Teka,Sábanas,42990.00,,active,0
106980,106980,144578226,Juego de Sabanas Estampadas 150 Hilos 2 Plazas 100% Algodón Marfim,Teka,Sábanas,42990.00,,active,0
106990,106990,144578312,Juego de Sabanas Estampadas 150 Hilos 2 Plazas 100% Algodón Luar,Teka,Sábanas,42990.00,,active,1
107000,107000,144688008,Juego de Sabanas Estampadas 150 Hilos 2 Plazas 100% Algodón Orvalho,Teka,Sábanas,42990.00,,active,0
107010,107010,144688625,Juego de Sabanas Estampadas 150 Hilos 2 Plazas 100% Algodón Botanique,Teka,Sábanas,42990.00,,active,1
33120,33120,144689555,Plumón Reversible 2 Plazas 100% Algodón,Teka,Colchas|quilts|plumones,49990.00,,active,0
33130,33120,144689554,Plumón Reversible 2 Plazas 100% Algodón,Teka,Colchas|quilts|plumones,49990.00,,active,0
33100,33120,144689553,Plumón Reversible 2 Plazas 100% Algodón,Teka,Colchas|quilts|plumones,49990.00,,active,0
33110,33120,144689552,Plumón Reversible 2 Plazas 100% Algodón,Teka,Colchas|quilts|plumones,49990.00,,active,1
91600,91600,145246658,Toalla de Rostro Duomo 45 x 80 cm Blanca,Teka,Toallas de tela|textil,8990.00,,active,0
91610,91610,145246866,Toalla de Rostro Duomo 45 x 80 cm Azul,Teka,Toallas de tela|textil,8990.00,,active,0
91620,91620,145247080,Toalla de Rostro Duomo 45 x 80 cm Celeste,Teka,Toallas de tela|textil,8990.00,,active,0
91630,91630,145247336,Toalla de Rostro Duomo 45 x 80 cm Rojo,Teka,Toallas de tela|textil,8990.00,,active,0
91640,91640,145247464,Toalla de Rostro Duomo 45 x 80 cm Rosa,Teka,Toallas de tela|textil,8990.00,,active,0
91650,91650,145247620,Toalla de Rostro Duomo 45 x 80 cm Verde,Teka,Toallas de tela|textil,8990.00,,active,0
91660,91660,145247695,Toalla de Rostro Duomo 45 x 80 cm Verde Agua,Teka,Toallas de tela|textil,8990.00,,active,0
91670,91670,145247726,Toalla de Rostro Duomo 45 x 80 cm Café,Teka,Toallas de tela|textil,8990.00,,active,0
91680,91680,145247742,Toalla de Rostro Duomo 45 x 80 cm Gris,Teka,Toallas de tela|textil,8990.00,,active,0
90640,90640,145253089,Toalla de Baño Duomo – 67 x 140 cm Blanco,Teka,Toallas de tela|textil,14990.00,,active,1
22600,22600,145253156,Toallon Baño Duomo – 90 x 150 cm Rosa,Teka,Toallas de tela|textil,18990.00,,active,2
90650,90650,145253196,Toalla de Baño Duomo – 67 x 140 cm Azul,Teka,Toallas de tela|textil,14990.00,,active,0
22620,22620,145253229,Toallon Baño Duomo – 90 x 150 cm Verde,Teka,Toallas de tela|textil,18990.00,,active,0
22630,22630,145253364,Toallon Baño Duomo – 90 x 150 cm Verde Agua,Teka,Toallas de tela|textil,18990.00,15192.00,active,7
22640,22640,145253599,Toallon Baño Duomo – 90 x 150 cm Café,Teka,Toallas de tela|textil,18990.00,,active,0
90660,90660,145253662,Toalla de Baño Duomo – 67 x 140 cm Celeste,Teka,Toallas de tela|textil,14990.00,,active,0
22650,22650,145253791,Toallon Baño Duomo – 90 x 150 cm Gris,Teka,Toallas de tela|textil,18990.00,,active,1
90670,90670,145253893,Toalla de Baño Duomo – 67 x 140 cm Rosado,Teka,Toallas de tela|textil,14990.00,,active,0
90680,90680,145253936,Toalla de Baño Duomo – 67 x 140 cm Rojo,Teka,Toallas de tela|textil,14990.00,,active,0
90690,90690,145253973,Toalla de Baño Duomo – 67 x 140 cm Verde,Teka,Toallas de tela|textil,14990.00,,active,0
90700,90700,145282203,Toalla de Baño Duomo – 67 x 140 cm Verde Agua,Teka,Toallas de tela|textil,14990.00,,active,0
90710,90710,145282209,Toalla de Baño Duomo – 67 x 140 cm Café,Teka,Toallas de tela|textil,14990.00,,active,0
90720,90720,145282211,Toalla de Baño Duomo – 67 x 140 cm Gris Oscuro,Teka,Toallas de tela|textil,14990.00,,active,0
JR-T011,JR-T011,145588957,Tetera de acero inox Bari - 3L Blanca,KITCHENWARE,Teteras no eléctricas,26990.00,19990.00,active,4
JR-T005,JR-T005,145590264,KW TETERA ACERO INOX VIENA 3L ROJA,KITCHENWARE,Teteras no eléctricas,26990.00,19845.00,active,0
JR-T012,JR-T012,145590447,KW TETERA ACERO INOX VINTAGE 3L,KITCHENWARE,Teteras no eléctricas,26990.00,19845.00,active,0
818927,818927,145782249,Quilt Microfibra Estampado Mashini 2.0 Plazas Aguada,MASHINI,Colchas|quilts|plumones,29990.00,,active,0
818921,818921,145782766,Quilt Microfibra Estampado Mashini 2.0 Plazas Barraquitas,MASHINI,Colchas|quilts|plumones,29990.00,,active,0
824263,824263,145783600,Quilt Microfibra Estampado Mashini 2.0 Plazas Animal,MASHINI,Colchas|quilts|plumones,29990.00,,active,0
824251,824251,145808304,Quilt Microfibra 2 Plazas Mashini,MASHINI,Colchas|quilts|plumones,29990.00,,active,0
824245,824251,145808303,Quilt Microfibra 2 Plazas Mashini,MASHINI,Colchas|quilts|plumones,29990.00,,active,0
824260,824251,145808302,Quilt Microfibra 2 Plazas Mashini,MASHINI,Colchas|quilts|plumones,29990.00,,active,1
826621,826621,146763476,Plumón Microfibra Infantil 1.5 Plazas Dragon Ball Z HAHA,MASHINI,Colchas|quilts|plumones,39990.00,,active,-1
826622,826622,146763500,Juego de Sábanas Infantiles Microfibra 1.5 Plazas Dragon Ball Z HAHA,MASHINI,Sábanas,29990.00,,active,8
824083,824083,146864890,SABANA ESTAMPADA 144 HILOS MASHINI 1.5PLAZA CHINCOL,MASHINI,Sábanas,26990.00,,active,0
824383,824383,147037214,Quilt King Microfibra Toledo Bicolor Mashini,MASHINI,Colchas|quilts|plumones,34990.00,,active,1
826814,826814,147108237,Toalla Deportiva Poliamida Fluor 80x160 cm Mashini Coral,WINDSOR,Toallas de tela|textil,19990.00,,active,0
824053,824053,147108308,Toalla Deportiva Poliamida Fluor 80x160 cm Mashini Fucsia,WINDSOR,Toallas de tela|textil,19990.00,,active,0
824052,824052,147108363,Toalla Deportiva Poliamida Fluor 80x160 cm Mashini Naranja,WINDSOR,Toallas de tela|textil,19990.00,,active,0
826815,826815,147108394,Toalla Deportiva Poliamida Fluor 80x160 cm Mashini Turquesa,WINDSOR,Toallas de tela|textil,19990.00,,active,0
826819,826819,147108499,Toalla Deportiva Poliamida Fluor 80x160 cm Mashini Verde,WINDSOR,Toallas de tela|textil,19990.00,,active,0
824395,824395,147306869,Quilt King Toledo Azul - Amarillo Mashini,MASHINI,Colchas|quilts|plumones,34990.00,,active,0
824380,824380,147307351,Quilt King Toledo Verde Musgo - Rosado Mashini,MASHINI,Colchas|quilts|plumones,34990.00,,active,0
826818,826818,147307982,Toalla Deportiva Poliamida Fluor 80x160 cm Azul Mashini,MASHINI,Toallas de tela|textil,19990.00,,active,0
826365,826365,147569001,Plumón Microfibra Reversible 1.5 plazas / Hello Kitty Caras – Mashini,MASHINI,Colchas|quilts|plumones,39990.00,,inactive,0
826894,826894,147571582,QUILT 1.5 PLAZAS PORTUGAL VERDE,MASHINI,Colchas|quilts|plumones,29990.00,,active,0
826878,826878,147571950,QUILT 1.5 PLAZAS PORTUGAL - MASHINI,MASHINI,Colchas|quilts|plumones,29990.00,,active,0
826886,826886,147572094,QUILT 1.5 PLAZAS PORTUGAL TERRACOTA- MASHINI,MASHINI,Colchas|quilts|plumones,29990.00,,active,0
826882,826882,147572772,QUILT 1.5 PLAZAS PORTUGAL GRIS - MASHINI,MASHINI,Colchas|quilts|plumones,29990.00,,active,0
826890,826890,147573246,QUILT 1.5 PLAZAS PORTUGAL MARENGO - MASHINI,MASHINI,Colchas|quilts|plumones,29990.00,,active,0
826895,826895,147580562,Quilt Microfibra Portugal 2.0 Plazas Mashini,MASHINI,Colchas|quilts|plumones,34990.00,,active,0
826883,826895,147580561,Quilt Microfibra Portugal 2.0 Plazas Mashini,MASHINI,Colchas|quilts|plumones,34990.00,,active,0
826875,826895,147580560,Quilt Microfibra Portugal 2.0 Plazas Mashini,MASHINI,Colchas|quilts|plumones,34990.00,,active,0
826879,826895,147580559,Quilt Microfibra Portugal 2.0 Plazas Mashini,MASHINI,Colchas|quilts|plumones,34990.00,,active,0
826891,826895,147580558,Quilt Microfibra Portugal 2.0 Plazas Mashini,MASHINI,Colchas|quilts|plumones,34990.00,,active,0
826887,826895,147580557,Quilt Microfibra Portugal 2.0 Plazas Mashini,MASHINI,Colchas|quilts|plumones,34990.00,,active,0
824387,824387,147591112,Quilt Microfibra 1.5 Plazas Toledo Bicolor,MASHINI,Colchas|quilts|plumones,28990.00,,active,0
824390,824387,147591111,Quilt Microfibra 1.5 Plazas Toledo Bicolor,MASHINI,Colchas|quilts|plumones,28990.00,,active,0
824393,824387,147591110,Quilt Microfibra 1.5 Plazas Toledo Bicolor,MASHINI,Colchas|quilts|plumones,28990.00,,active,-2
824381,824387,147591109,Quilt Microfibra 1.5 Plazas Toledo Bicolor,MASHINI,Colchas|quilts|plumones,28990.00,,active,4
824384,824387,147591108,Quilt Microfibra 1.5 Plazas Toledo Bicolor,MASHINI,Colchas|quilts|plumones,28990.00,,active,0
824378,824387,147591107,Quilt Microfibra 1.5 Plazas Toledo Bicolor,MASHINI,Colchas|quilts|plumones,28990.00,,active,0
824388,824388,147591159,Quilt Microfibra 2 Plazas Toledo Bicolor,MASHINI,Colchas|quilts|plumones,31990.00,,active,0
824391,824388,147591158,Quilt Microfibra 2 Plazas Toledo Bicolor,MASHINI,Colchas|quilts|plumones,31990.00,,active,0
824394,824388,147591157,Quilt Microfibra 2 Plazas Toledo Bicolor,MASHINI,Colchas|quilts|plumones,31990.00,,active,0
824382,824388,147591156,Quilt Microfibra 2 Plazas Toledo Bicolor,MASHINI,Colchas|quilts|plumones,31990.00,,active,0
824385,824388,147591155,Quilt Microfibra 2 Plazas Toledo Bicolor,MASHINI,Colchas|quilts|plumones,31990.00,,active,0
824379,824388,147591154,Quilt Microfibra 2 Plazas Toledo Bicolor,MASHINI,Colchas|quilts|plumones,31990.00,,active,0
826892,826892,147723824,Quilt Microfibra King Portugal,MASHINI,Colchas|quilts|plumones,36990.00,,active,0
826876,826892,147723823,Quilt Microfibra King Portugal,MASHINI,Colchas|quilts|plumones,36990.00,,active,0
826884,826892,147723822,Quilt Microfibra King Portugal,MASHINI,Colchas|quilts|plumones,36990.00,,active,0
826880,826892,147723821,Quilt Microfibra King Portugal,MASHINI,Colchas|quilts|plumones,36990.00,,active,0
826893,826893,147723934,Quilt Microfibra Super King Portugal,MASHINI,Colchas|quilts|plumones,39990.00,,active,0
826885,826893,147723933,Quilt Microfibra Super King Portugal,MASHINI,Colchas|quilts|plumones,39990.00,,active,0
826881,826893,147723932,Quilt Microfibra Super King Portugal,MASHINI,Colchas|quilts|plumones,39990.00,,active,0
826367,826367,147776821,Plumón 1.5 Plazas Bluey Nubes,MASHINI,Colchas|quilts|plumones,39990.00,,active,0
826838,826838,147814351,Quilt Cordoba Estampado 1.5 Plazas / Elena – Mashini,MASHINI,Colchas|quilts|plumones,24990.00,,active,0
826224,826224,147815119,Plumon 200 Grs Single Mickey Celeste,MASHINI,Colchas|quilts|plumones,39990.00,29993.00,active,1
826226,826226,147818983,Plumon 200 grs 1.5 Plazas Minnie Beige,MASHINI,Colchas|quilts|plumones,39990.00,,active,0
826868,826868,147820196,Quilt + Sábana Liso 1.5 Plaza / Rojo – Mashini,MASHINI,Colchas|quilts|plumones,31990.00,,active,0
826853,826853,147825586,Quilt Cordoba Estampado 1.5 Plazas / Vegetacion – Mashini,MASHINI,Colchas|quilts|plumones,24990.00,,active,0
826869,826869,147825604,Set Quilt Liso + Sabana 2.0 Plazas Mashini,MASHINI,Colchas|quilts|plumones,34990.00,,active,0
826872,826869,147825603,Set Quilt Liso + Sabana 2.0 Plazas Mashini,MASHINI,Colchas|quilts|plumones,34990.00,,active,0
826866,826869,147825602,Set Quilt Liso + Sabana 2.0 Plazas Mashini,MASHINI,Colchas|quilts|plumones,34990.00,,active,0
826865,826865,147828063,Quilt + Sábana Liso 1.5 Plaza Azul – Mashini,MASHINI,Colchas|quilts|plumones,31990.00,,active,0
826847,826847,147829592,Quilt Cordoba Estampado 1.5 Plazas Romana– Mashini,MASHINI,Colchas|quilts|plumones,24990.00,,active,0
826871,826871,147831056,Quilt + Sábana Liso 1.5 Plaza Verde – Mashini,MASHINI,Colchas|quilts|plumones,31990.00,,active,0
826854,826854,147859247,Quilt Cordoba Estampado 2.0 Plazas Mashini Vegetacion,MASHINI,Colchas|quilts|plumones,27990.00,,active,0
826848,826848,147859817,Quilt Cordoba Estampado 2.0 Plazas Mashini Romana,MASHINI,Colchas|quilts|plumones,27990.00,,active,0
826839,826839,147859968,Quilt Cordoba Estampado 2.0 Plazas Mashini Elena.,MASHINI,Colchas|quilts|plumones,27990.00,,active,0
826598,826598,147991426,Set de toalla 70x140 cms + Lentes de agua Hello Kitty Raya,MASHINI,Textiles de baño,24990.00,,active,0
826592,826592,147991813,Set de toalla 70x140 cms + Lentes de agua Minnie Dance,MASHINI,Textiles de baño,24990.00,,active,0
826600,826600,147991864,Set de toalla 70x140 cms + Lentes de agua Kuromi Mora,MASHINI,Textiles de baño,24990.00,,active,0
825974,825974,148090861,Plumón 1.5 Plazas Spiderman Azul,MASHINI,Colchas|quilts|plumones,39990.00,,active,-1
826849,826849,148092690,Quilt Microfibra Estampado King Cordoba,MASHINI,Colchas|quilts|plumones,31990.00,,active,0
826840,826849,148092689,Quilt Microfibra Estampado King Cordoba,MASHINI,Colchas|quilts|plumones,31990.00,,active,0
826855,826849,148092688,Quilt Microfibra Estampado King Cordoba,MASHINI,Colchas|quilts|plumones,31990.00,,active,0
825975,825975,148095009,Sábana 1.5 Plazas Microfibra Spiderman Azul,MASHINI,Sábanas,29990.00,,active,7
826583,826583,148095607,Set Toalla Lentes de Sol y Bolso diseño Hello Kitty Punto,MASHINI,Toallas de tela|textil,24990.00,,active,0
826586,826586,148095680,Set Toalla Lentes de Sol y Bolso diseño Kuromi Bruja,MASHINI,Toallas de tela|textil,24990.00,,active,0
826588,826588,148095780,Set Toalla Lentes de Sol y Bolso diseño Spiderman Bang,MASHINI,Toallas de tela|textil,24990.00,,active,0
826227,826227,148104694,"Juego de Sabanas Infantiles Microfibra 1,5 Plazas Minnie Beige",MASHINI,Sábanas,29990.00,,active,0
826225,826225,148105755,"Juego de Sabanas Infantiles Microfibra 1,5 Plazas Mickey Celeste",MASHINI,Sábanas,29990.00,22093.00,active,0
826366,826366,148105989,"Juego de Sabanas Infantiles Microfibra 1,5 Plazas Hello Kitty Caritas",MASHINI,Sábanas,29990.00,,active,0
826368,826368,148106102,"Juego de Sabanas Infantiles Microfibra 1,5 Plazas Bluey Nubes",MASHINI,Sábanas,29990.00,,active,-1
826601,826601,148108308,Set de Playa Infantil Minnie 3 Piezas – Toalla + Bolso + Jockey,MASHINI,Toallas de tela|textil,24990.00,,active,0
826608,826608,148108393,Set de Playa Infantil Bluey 3 Piezas – Toalla + Bolso + Jockey,MASHINI,Toallas de tela|textil,24990.00,,active,0
823366,823366,148174269,Juego de Sábanas Estampadas 144 Hilos 1.5 Plazas,MASHINI,Sábanas,24390.00,,active,0
824075,823366,148174268,Juego de Sábanas Estampadas 144 Hilos 1.5 Plazas,MASHINI,Sábanas,26990.00,,active,0
824071,823366,148174267,Juego de Sábanas Estampadas 144 Hilos 1.5 Plazas,MASHINI,Sábanas,26990.00,,active,0
824062,824062,148177188,Sábana 1 Plaza Gorrion 144 Hilos Mashini,MASHINI,Sábanas,24990.00,,active,0
824072,824072,148262387,Juego de Sábanas Estampadas 144 Hilos 2 Plazas Mashini Diseño Cisne,MASHINI,Sábanas,32990.00,,active,0
824076,824076,148262581,Juego de Sábanas Estampadas 144 Hilos 2 Plazas Mashini Diseño Condor,MASHINI,Sábanas,32990.00,,active,0
824064,824064,148263215,Juego de Sábanas Estampadas 144 Hilos 2 Plazas Mashini Diseño Gorrion,MASHINI,Sábanas,42990.00,,active,0
826904,826904,148287028,Quilt Reversible 1.5 Plazas Castilla,MASHINI,Colchas|quilts|plumones,26990.00,,active,0
826907,826904,148287027,Quilt Reversible 1.5 Plazas Castilla,MASHINI,Colchas|quilts|plumones,26990.00,,active,0
826901,826904,148287026,Quilt Reversible 1.5 Plazas Castilla,MASHINI,Colchas|quilts|plumones,26990.00,,active,0
826908,826908,148287086,Quilt Reversible 2 Plazas Castilla,MASHINI,Colchas|quilts|plumones,29990.00,,active,0
826902,826908,148287085,Quilt Reversible 2 Plazas Castilla,MASHINI,Colchas|quilts|plumones,29990.00,,active,0
826905,826908,148287084,Quilt Reversible 2 Plazas Castilla,MASHINI,Colchas|quilts|plumones,29990.00,,inactive,0
824065,824065,148353905,Juego de Sábanas Estampadas 144 Hilos King Mashini Diseño Gorrion,MASHINI,Sábanas,45990.00,,active,0
824073,824073,148354220,Juego de Sábanas Estampadas 144 Hilos King Mashini Diseño Cisne,MASHINI,Sábanas,45990.00,39092.00,active,9
826906,826906,148491982,Quilt Castilla Estampada King Lily,MASHINI,Colchas|quilts|plumones,31990.00,,active,0
17102025Q-BL,17102025Q-BL,148510834,Audífonos Q16S PRO Bluetooth con Pantalla LED y AI,GENERICO,Audífonos,39990.00,23994.00,active,64
17102025M-BK,17102025M-BK,148511549,Audífonos Inalámbricos M112 Bluetooth - Sonido Hi-Fi,GENERICO,Audífonos,22990.00,,active,0
17102025M-PU,17102025M-BK,148511548,Audífonos Inalámbricos M112 Bluetooth - Sonido Hi-Fi,GENERICO,Audífonos,22990.00,,active,0
17102025M-CR,17102025M-BK,148511547,Audífonos Inalámbricos M112 Bluetooth - Sonido Hi-Fi,GENERICO,Audífonos,22990.00,,active,0
826900,826900,148595481,Sábana 1.5 Plazas Microfibra Colo-Colo Vencedores,MASHINI,Sábanas,29990.00,,active,0
827010,827010,148635558,Set Toalla 70x140 cm + Frisbee Mickey Movin,MASHINI,Toallas de tela|textil,24990.00,,active,0
826899,826899,148640041,Plumón 15 Plazas Colo-Colo Vencedores,MASHINI,Colchas|quilts|plumones,39990.00,,inactive,0
826353,826353,148684071,Sábana 1.5 Plazas Microfibra Stitch Fluffly,MASHINI,Sábanas,29990.00,,active,1
826352,826352,148690224,Plumón 1.5 Plazas Stitch Fluffly,MASHINI,Colchas|quilts|plumones,39990.00,,active,0
KWBR5-FR,KWBR5-FR,148936125,BATERIA ALUMINIO CERAMICA BERRIES BRISTOL,KITCHENWARE,Ollas|sartenes|woks,59990.00,,inactive,0
825338,825338,148984947,Sábana 2 Plazas 144 Hilos Estampado Lines,MASHINI,Sábanas,32990.00,,active,1
75017194710818,75017194710818,148991304,Cama Ortopédica para Mascotas 85x65x8cm,GENERICO,Casas|camas|alojamiento para mascotas,26990.00,,active,0
825342,825342,149002394,Sábana 2 Plazas 144 Hilos Estampado Snow,MASHINI,Sábanas,32990.00,,active,0
825329,825329,149003055,Sabana Estampada 144 hilos 1.5Plazas Garden,MASHINI,Sábanas,26990.00,,active,0
827084,827084,149485579,Manta Picnic 150x180 cm Stitch Palmeras,MASHINI,Sacos|alfombrillas para dormir de camping,24990.00,,active,0
827086,827086,149485920,Manta Picnic 150x180 cm Mickey Verano,MASHINI,Sacos|alfombrillas para dormir de camping,24990.00,,active,0
827087,827087,149486314,Manta Picnic 150x180 cm Mickey Cuadros,MASHINI,Sacos|alfombrillas para dormir de camping,24990.00,,active,0
827083,827083,149499619,Cooler Picnic 34x22x25 cm Mickey Cuadros,MASHINI,Bolsas de frío|neveras para camping no eléctricas,24990.00,17493.00,active,0
827082,827082,149499694,Cooler Picnic 34x22x25 cm Mickey Verano,MASHINI,Bolsas de frío|neveras para camping no eléctricas,24990.00,17493.00,active,0
827080,827080,149499718,Cooler Picnic 34x22x25 cm Stitch Palmeras,MASHINI,Bolsas de frío|neveras para camping no eléctricas,24990.00,17493.00,active,0
827081,827081,149499966,Cooler Picnic 34x22x25 cm Stitch Piedra,MASHINI,Bolsas de frío|neveras para camping no eléctricas,24990.00,17493.00,active,0
4112025Q80-BK,4112025Q80-BK,149660404,Audífonos Bluetooth Clip-On YYK-Q80,GENERICO,Audífonos,22990.00,10346.00,active,47
4112025-REGO,4112025-REGO,149660962,Set de Adornos Navideños de 16 Piezas,GENERICO,Decoración navideña,14990.00,,active,18
4112025-GRWG,4112025-GRWG,149661250,Set de Adornos Navideños de 16 Piezas,GENERICO,Decoración navideña,14990.00,,active,26
ATA3002PWH,ATA3002PWH,150959810,Juego de Sábanas Atakamas 300 Hilos - 100% Algodón 2 Plazas,ATAKAMAS,Sábanas,79990.00,49593.00,active,246
ATA3002PGY,ATA3002PWH,150959809,Juego de Sábanas Atakamas 300 Hilos - 100% Algodón 2 Plazas,ATAKAMAS,Sábanas,79990.00,49593.00,active,244
KH0320302006,KH0320302006,151955807,Juego De Sabanas Key home 1.5 Plazas Microfibra,GATON,Sábanas,16990.00,12743.00,active,2
KH0320302004,KH0320302006,151955806,Juego De Sabanas Key home 1.5 Plazas Microfibra,GATON,Sábanas,16990.00,12743.00,active,4
KH0320302134,KH0320302006,151955805,Juego De Sabanas Key home 1.5 Plazas Microfibra,GATON,Sábanas,16990.00,12743.00,active,8
KH0320302133,KH0320302006,151955804,Juego De Sabanas Key home 1.5 Plazas Microfibra,GATON,Sábanas,16990.00,12743.00,active,4
KH0320302033,KH0320302006,151955803,Juego De Sabanas Key home 1.5 Plazas Microfibra,GATON,Sábanas,16990.00,12743.00,active,4
TH-5408i,TH-5408i,152049428,"Hervidor Thomas acero inoxidable 1,8 lts TH-5408I",THOMAS,Teteras|hervidores eléctricos,34990.00,,active,2
TH-410VI,TH-410VI,152084817,"Licuadora 6 velocidades 1,5lts THOMAS TH-410Vi",THOMAS,Licuadoras|trituradoras|picadoras eléctricas,44990.00,,active,3
SABCHIL15-MAR,SABCHIL15-MAR,152106403,Juego De Sabanas Chiporro Lisa 1.5 PL Termica Doral Marengo,DORAL,Sábanas,27990.00,,active,0
SABCHIL15-SAN,SABCHIL15-SAN,152111865,Juego De Sabanas Chiporro Lisa 1.5 PL Termica Doral Sandia,DORAL,Sábanas,27990.00,,active,0
SABCHIL15-ROS,SABCHIL15-ROS,152113125,Juego De Sabanas Chiporro Lisa 1.5 PL Termica Doral Rosada,DORAL,Sábanas,27990.00,,active,-1
SABCHIL15-ROJ,SABCHIL15-ROJ,152113252,Juego De Sabanas Chiporro Lisa 1.5 PL Termica Doral Rojo,DORAL,Sábanas,27990.00,,active,0
SABCHIL15-TUR,SABCHIL15-TUR,152114464,Juego De Sabanas Chiporro Lisa 1.5 PL Termica Doral Turquesa,DORAL,Sábanas,27990.00,,active,0
SABCHIL15-AZU,SABCHIL15-AZU,152115300,Juego De Sabanas Chiporro Lisa 1.5 PL Termica Doral Azul,DORAL,Sábanas,27990.00,,active,0
SABCHIL15-GRI,SABCHIL15-GRI,152116067,Juego De Sabanas Chiporro Lisa 1.5 PL Termica Doral Gris,DORAL,Sábanas,27990.00,,active,0
KH0320304006,KH0320304006,152236287,Juego de Sábanas Keyhome King Microfibra,KEYHOME,Sábanas,19490.00,,active,0
KH0320304004,KH0320304006,152236286,Juego de Sábanas Keyhome King Microfibra,KEYHOME,Sábanas,19490.00,,active,1
KH0320304134,KH0320304006,152236285,Juego de Sábanas Keyhome King Microfibra,KEYHOME,Sábanas,19490.00,16592.00,active,2
KH0320304133,KH0320304006,152236284,Juego de Sábanas Keyhome King Microfibra,KEYHOME,Sábanas,19490.00,,active,1
77161155048685,KH0320304006,152236283,Juego de Sábanas Keyhome King Microfibra,KEYHOME,Sábanas,19490.00,,active,4
SABCHIL20-VME,SABCHIL20-VME,152328058,Juego De Sabanas Chiporro Lisa 2.0PL Termica Doral Verde Menta,DORAL,Sábanas,29990.00,,active,0
SABCHIL20-TUR,SABCHIL20-TUR,152333211,Juego De Sabanas Chiporro Lisa 2.0PL Termica Doral Turquesa,DORAL,Sábanas,29990.00,,active,0
SABCHIL20-MOR,SABCHIL20-MOR,152333418,Juego De Sabanas Chiporro Lisa 2.0PL Termica Doral Morado-Coral,DORAL,Sábanas,29990.00,,active,0
SABCHIL20-NAR,SABCHIL20-NAR,152334560,Juego De Sabanas Chiporro Lisa 2.0PL Termica Doral Naranjo,DORAL,Sábanas,29990.00,,active,0
SABCHIL20-MAR,SABCHIL20-MAR,152336330,Juego De Sabanas Chiporro Lisa 2.0PL Termica Doral Marengo,DORAL,Sábanas,29990.00,,active,0
SABCHIL20-CEL,SABCHIL20-CEL,152336510,Juego De Sabanas Chiporro Lisa 2.0PL Termica Doral Celeste,DORAL,Sábanas,29990.00,,active,0
SABCHIL20-ROS,SABCHIL20-ROS,152336700,Juego De Sabanas Chiporro Lisa 2.0PL Termica Doral Rosado,DORAL,Sábanas,29990.00,,active,0
MANTCHIP0-CAF,MANTCHIP0-CAF,152364606,Manta Chiporro Two Tones Doral 127×152 cm,DORAL,Mantas no eléctricas|frazadas,12990.00,,active,0
MANTCHIP0-ROS,MANTCHIP0-CAF,152364605,Manta Chiporro Two Tones Doral 127×152 cm,DORAL,Mantas no eléctricas|frazadas,12990.00,,active,0
MANTCHIP0-GRI,MANTCHIP0-CAF,152364604,Manta Chiporro Two Tones Doral 127×152 cm,DORAL,Mantas no eléctricas|frazadas,12990.00,,active,0
MANTCHIP0-MOR,MANTCHIP0-CAF,152364603,Manta Chiporro Two Tones Doral 127×152 cm,DORAL,Mantas no eléctricas|frazadas,12990.00,,active,0
MANTCHIP0-VER,MANTCHIP0-CAF,152364602,Manta Chiporro Two Tones Doral 127×152 cm,DORAL,Mantas no eléctricas|frazadas,12990.00,,active,0
KH03203030006,KH03203030006,152401021,Juego de Sábanas Keyhome 2 Plazas Embossed Microfibra Azul,KEYHOME,Sábanas,18990.00,15192.00,active,4
KH0320303004,KH0320303004,152401056,Juego de Sábanas Keyhome 2 Plazas Embossed Microfibra Gris,KEYHOME,Sábanas,18990.00,,active,1
KH0320303134,KH0320303134,152401084,Juego de Sábanas Keyhome 2 Plazas Embossed Microfibra Negro,KEYHOME,Sábanas,18990.00,,active,0
KH0320303133,KH0320303133,152401109,Juego de Sábanas Keyhome 2 Plazas Embossed Microfibra Rosa,KEYHOME,Sábanas,18990.00,,active,0
KH0320303210,KH0320303210,152401124,Juego de Sábanas Keyhome 2 Plazas Embossed Microfibra Terracota,KEYHOME,Sábanas,18990.00,15192.00,active,5
KH0320303033,KH0320303033,152401210,Juego de Sábanas Keyhome 2 Plazas Embossed Microfibra Turquesa,KEYHOME,Sábanas,18990.00,15192.00,active,3
PACKMA-BK,PACKMA-BK,152401369,Pack Mochila Bange + Audífonos Inalámbricos YYK-Q80,BANGE,Estuches y mochilas de computador,69990.00,,active,5
